ID	Description	GeneRatio	BgRatio	pvalue	p.adjust	qvalue	geneID	Count
GO:0044057	regulation of system process	56/686	341/12179	2.83987584469169e-13	1.21944268771061e-09	9.53301480918084e-10	CACNB2/INHBB/TBX18/CCN3/FOXO1/LMCD1/PDE5A/NR4A3/C1QTNF1/CTSC/OXTR/ABCC9/ABAT/FOXO3/CORIN/WASF3/LEP/GLS/ATP2A2/CLIC2/ADRA1B/ADM2/CORO2B/FGF13/BDKRB2/EPB41/TENM4/GCH1/TGFB2/TYMP/FGF10/AGT/SCN1B/SPTBN4/KCNE3/STC1/NR4A1/EGR2/PI16/CACNA1G/ADRA2A/ARHGAP42/KCND3/PER2/KCND2/ADORA1/CYP19A1/MSTN/PTGS2/GRIN2A/TMEM100/PKP2/ASIC2/BEGAIN/KCNB2/HTR2A	56
GO:0003013	circulatory system process	58/686	389/12179	6.78499840863737e-12	1.45673915833444e-08	1.13880841711287e-08	CACNB2/CXCL12/TJP2/KCNK6/SLC6A6/TBX18/SLC6A9/PDE5A/CBS/OXTR/ABCC9/AGTRAP/GCLM/ABAT/SGCD/CORIN/ACTA2/LEP/SLC16A12/SLC5A6/ATP2A2/POSTN/CLIC2/ADRA1B/ADM2/DDAH1/CORO2B/FGF13/SLC38A2/BDKRB2/NEDD4L/BDKRB1/GCH1/VEGFA/TGFB2/AGT/SCN1B/IER3/SPTBN4/KCNE3/COL4A3/STC1/CACNA1G/ADRA2A/ARHGAP42/KCND3/PER2/KCND2/ADORA1/SLC24A3/RAMP3/HSD11B2/PTGS2/SLC7A5/PKP2/ASIC2/HTR2A/CHD7	58
GO:0008015	blood circulation	50/686	321/12179	4.14806696579652e-11	5.93726651704342e-08	4.64146861541232e-08	CACNB2/CXCL12/TJP2/KCNK6/TBX18/PDE5A/CBS/OXTR/ABCC9/AGTRAP/GCLM/ABAT/SGCD/CORIN/ACTA2/LEP/ATP2A2/POSTN/CLIC2/ADRA1B/ADM2/DDAH1/CORO2B/FGF13/BDKRB2/NEDD4L/BDKRB1/GCH1/VEGFA/TGFB2/AGT/SCN1B/IER3/SPTBN4/KCNE3/COL4A3/STC1/CACNA1G/ADRA2A/ARHGAP42/KCND3/PER2/KCND2/ADORA1/HSD11B2/PTGS2/PKP2/ASIC2/HTR2A/CHD7	50
GO:0003012	muscle system process	45/686	286/12179	2.88529976153367e-10	2.51555463726738e-07	1.96653929307618e-07	CACNB2/KLF15/FOXO1/PDLIM5/LMCD1/PDE5A/LMOD1/NR4A3/SCN7A/OXTR/ABCC9/ABAT/APBB2/SGCD/FOXO3/CFLAR/ACTA2/LEP/ATP2A2/GDNF/CLIC2/ADRA1B/FGF13/BDKRB2/NEDD4L/AGT/SCN1B/KCNE3/STC1/NR4A1/PI16/CACNA1G/ADRA2A/ARHGAP42/KCND3/MYOZ2/HMOX1/KCND2/ADORA1/MSTN/PTGS2/MYH13/PKP2/KCNB2/HTR2A	45
GO:0043269	regulation of monoatomic ion transport	49/686	328/12179	2.92915071875568e-10	2.51555463726738e-07	1.96653929307618e-07	CACNB2/PER1/CXCL12/STOM/KCNK6/SLC6A9/TRPC6/EPHB2/SCN7A/FGF14/PRKCE/LEP/CLIC6/CLIC2/FGF13/PRKG2/P2RX7/EPB41/NEDD4L/BDKRB1/KCNK15/UBASH3B/SCN1B/KCNS1/SPTBN4/KCNE3/STC1/CACNA1G/CAMK2A/ADRA2A/KCND3/MCHR1/KCNQ3/KCND2/TMC2/ADORA1/TMEM37/RAMP3/PTGS2/GRIN2A/KCNA3/CATSPER2/PKP2/MAOB/ASIC2/KCNB2/HTR2A/CCR1/CHD7	49
GO:1903522	regulation of blood circulation	31/686	159/12179	9.38654627306725e-10	6.71763828275846e-07	5.25152562540552e-07	CACNB2/TBX18/PDE5A/OXTR/ABCC9/CORIN/LEP/ATP2A2/CLIC2/ADRA1B/ADM2/FGF13/BDKRB2/GCH1/TGFB2/AGT/SCN1B/SPTBN4/KCNE3/STC1/CACNA1G/ADRA2A/ARHGAP42/KCND3/PER2/KCND2/ADORA1/PTGS2/PKP2/ASIC2/HTR2A	31
GO:0007169	transmembrane receptor protein tyrosine kinase signaling pathway	59/686	470/12179	4.54973599601866e-09	2.79093805241488e-06	2.18182076560955e-06	SORT1/ERRFI1/COL1A1/GDF15/FOXO1/IRS2/IGFBP2/NR4A3/EPHB2/STON1/COL4A1/FLRT3/EPHB6/PIK3R1/NEDD9/PIK3R3/LEP/ANGPTL1/EPHB3/ROBO1/SAMD12/CILP/CCN2/APOD/SOX9/CRIM1/KANK1/ARHGEF28/BDKRB2/SOCS1/VEGFA/THBS1/FGF10/AGT/UBASH3B/SORBS1/MTSS1/COL4A3/FRK/DOK6/NRG1/IL12A/CADM1/MERTK/PAK3/KALRN/FGFR2/BLNK/EPHA4/PDK4/BTC/IL31RA/NGF/MSTN/EPHA5/XDH/ENPP1/FGF22/AFAP1L2	59
GO:0048514	blood vessel morphogenesis	59/686	476/12179	7.33412640228244e-09	3.82656773699255e-06	2.99142610577041e-06	ADAMTS1/ADAM12/SOX4/HIF3A/CCN3/AMOT/TGFBR2/CITED2/FZD8/MFGE8/EPHB2/COL4A1/KLF5/SGCD/WARS1/PIK3R3/LEP/ANPEP/S1PR1/RHOJ/PLK2/EPHB3/BMPER/GLUL/ROBO1/SAT1/ADM2/DDAH1/CCN2/RHOB/APOD/BRCA1/VEGFA/TGFB2/THBS1/FZD5/PLXDC1/TYMP/FGF10/VASH2/CCN1/COL4A3/COL27A1/NR4A1/IL12A/PRDM1/FGFR2/ANG/HPSE/E2F7/RGCC/SFRP2/EGR3/HMOX1/PTGS2/XDH/TMEM100/APOB/CHD7	59
GO:0034762	regulation of transmembrane transport	48/686	350/12179	8.0202863607203e-09	3.82656773699255e-06	2.99142610577041e-06	CACNB2/KLF15/STOM/KCNK6/SLC6A9/ACSL1/IRS2/TRPC6/PRKAG2/NR4A3/EPHB2/SCN7A/FGF14/PIK3R1/PRKCE/LEP/CLIC6/CLIC2/FGF13/P2RX7/TRIB3/NEDD4L/BDKRB1/KCNK15/CNIH3/THBS1/UBASH3B/SCN1B/SORBS1/KCNS1/KCNE3/CACNA1G/ADRA2A/KCND3/PER2/KCNQ3/KCND2/TMC2/TMEM37/RAMP3/GRIN2A/ENPP1/SLC7A5/KCNA3/CATSPER2/ASIC2/KCNB2/CHD7	48
GO:0030198	extracellular matrix organization	38/686	245/12179	1.08236687026694e-08	4.22516667356931e-06	3.3030315304127e-06	ADAMTS1/PDPN/PTX3/COL11A1/LAMA2/COL1A1/ADAMTS14/CRISPLD2/GPM6B/COL7A1/COL4A1/COL4A4/CFLAR/NID1/POSTN/KAZALD1/SOX9/AXIN2/ADAMTSL1/SPINT2/ITGA8/DPT/ANGPTL7/TGFB2/MMP15/AGT/TNFRSF11B/CCN1/COL4A3/COL27A1/ADAMTS5/RGCC/SFRP2/OLFML2A/RXFP1/MMP7/MMP10/COL28A1	38
GO:0043062	extracellular structure organization	38/686	245/12179	1.08236687026694e-08	4.22516667356931e-06	3.3030315304127e-06	ADAMTS1/PDPN/PTX3/COL11A1/LAMA2/COL1A1/ADAMTS14/CRISPLD2/GPM6B/COL7A1/COL4A1/COL4A4/CFLAR/NID1/POSTN/KAZALD1/SOX9/AXIN2/ADAMTSL1/SPINT2/ITGA8/DPT/ANGPTL7/TGFB2/MMP15/AGT/TNFRSF11B/CCN1/COL4A3/COL27A1/ADAMTS5/RGCC/SFRP2/OLFML2A/RXFP1/MMP7/MMP10/COL28A1	38
GO:0045229	external encapsulating structure organization	38/686	247/12179	1.35867459154829e-08	4.86179058009028e-06	3.80071339688376e-06	ADAMTS1/PDPN/PTX3/COL11A1/LAMA2/COL1A1/ADAMTS14/CRISPLD2/GPM6B/COL7A1/COL4A1/COL4A4/CFLAR/NID1/POSTN/KAZALD1/SOX9/AXIN2/ADAMTSL1/SPINT2/ITGA8/DPT/ANGPTL7/TGFB2/MMP15/AGT/TNFRSF11B/CCN1/COL4A3/COL27A1/ADAMTS5/RGCC/SFRP2/OLFML2A/RXFP1/MMP7/MMP10/COL28A1	38
GO:0001525	angiogenesis	52/686	409/12179	2.55867716629601e-08	8.45150750159621e-06	6.60698095815221e-06	ADAMTS1/ADAM12/HIF3A/CCN3/AMOT/TGFBR2/FZD8/MFGE8/EPHB2/COL4A1/KLF5/WARS1/PIK3R3/LEP/ANPEP/S1PR1/RHOJ/PLK2/EPHB3/BMPER/GLUL/ROBO1/SAT1/ADM2/DDAH1/CCN2/RHOB/APOD/BRCA1/VEGFA/TGFB2/THBS1/FZD5/PLXDC1/TYMP/FGF10/VASH2/CCN1/COL4A3/COL27A1/NR4A1/IL12A/FGFR2/ANG/HPSE/E2F7/RGCC/SFRP2/EGR3/HMOX1/PTGS2/TMEM100	52
GO:0007411	axon guidance	27/686	155/12179	1.34575774410311e-07	3.8524558354525e-05	3.01166417259285e-05	NEXN/CXCL12/PLXNA4/LAMA2/EPHB2/FLRT3/EPHB6/RPS6KA5/SEMA3A/EPHB3/GDNF/KIAA1755/ROBO1/PLEKHG4/VEGFA/GDF7/SEMA6D/CHL1/RAC3/SCN1B/EGR2/KALRN/NRXN3/CDH4/EPHA4/LGI1/EPHA5	27
GO:0097485	neuron projection guidance	27/686	155/12179	1.34575774410311e-07	3.8524558354525e-05	3.01166417259285e-05	NEXN/CXCL12/PLXNA4/LAMA2/EPHB2/FLRT3/EPHB6/RPS6KA5/SEMA3A/EPHB3/GDNF/KIAA1755/ROBO1/PLEKHG4/VEGFA/GDF7/SEMA6D/CHL1/RAC3/SCN1B/EGR2/KALRN/NRXN3/CDH4/EPHA4/LGI1/EPHA5	27
GO:0008217	regulation of blood pressure	22/686	110/12179	1.62577178906565e-07	4.36316503890494e-05	3.41091199692787e-05	KCNK6/OXTR/ABCC9/AGTRAP/ABAT/CORIN/ACTA2/LEP/POSTN/ADRA1B/ADM2/DDAH1/CORO2B/BDKRB1/GCH1/AGT/IER3/ARHGAP42/ADORA1/HSD11B2/PTGS2/ASIC2	22
GO:0023061	signal release	41/686	305/12179	1.76732619197748e-07	4.46405804020664e-05	3.48978527939082e-05	CXCL12/CCKAR/SOX4/INHBB/RAB11FIP1/CCN3/FOXO1/IRS2/C1QTNF1/OXTR/ABAT/LIF/PLA2G4A/PRKCE/LEP/ATP2A2/CADPS2/SYN2/GDNF/SLC38A2/P2RX7/MCTP1/GPR68/AGT/ADCY8/NR4A1/CAMK2A/ADRA2A/STX11/TRPV6/SNCAIP/PER2/ADORA1/CYP19A1/PTGS2/RAPGEF4/EPHA5/ACVR1C/MAOB/HTR2A/CHD7	41
GO:0061564	axon development	45/686	362/12179	4.37906113741925e-07	0.000104464936244879	8.16656489311695e-05	NEXN/CXCL12/CCKAR/ADARB1/PLXNA4/LAMA2/GPM6B/CRABP2/EPHB2/FLRT3/ADCY1/EPHB6/RPS6KA5/RND2/SEMA3A/EPHB3/GDNF/KIAA1755/ROBO1/PLEKHG4/FGF13/ULK2/APOD/ARHGEF28/SLITRK6/VEGFA/GDF7/SEMA6D/CHL1/VASH2/RAC3/SCN1B/SPTBN4/PLPPR4/EGR2/PAK3/KALRN/FGFR2/NRXN3/CDH4/EPHA4/NGF/LGI1/SCARF1/EPHA5	45
GO:0051046	regulation of secretion	48/686	401/12179	5.55973749231168e-07	0.000125341131008956	9.79856511625921e-05	CXCL12/CCKAR/SOX4/INHBB/RAB11FIP1/CCN3/FOXO1/IRS2/C1QTNF1/OXTR/ABAT/CORIN/LIF/PLA2G4A/PRKCE/LEP/ATP2A2/CADPS2/GDNF/SLC38A2/P2RX7/MCTP1/GPR68/TGFB2/FGF10/AGT/LGI3/ADCY8/STC1/NRG1/IL12A/CAMK2A/ADRA2A/ANG/TRPV6/RGCC/SNCAIP/RAB27B/SEPTIN4/PER2/ADORA1/CYP19A1/RAPGEF4/EPHA5/ACVR1C/MAOB/HTR2A/CHD7	48
GO:0043408	regulation of MAPK cascade	53/686	463/12179	5.85827633659265e-07	0.000125341131008956	9.79856511625921e-05	DUSP1/PER1/GDF15/FOXO1/ATF3/C1QTNF1/EPHB2/NEK10/CFLAR/LIF/ACTA2/GPR37/PRKCE/LEP/DUSP10/SEMA3A/BMPER/GADD45B/ROBO1/ADRA1B/DUSP5/TNIK/CCN2/RASSF2/P2RX7/VEGFA/TGFB2/THBS1/CDON/IL34/FGF10/AGT/CCN1/DOK6/NRG1/LBH/PAK3/LMO3/ADRA2A/CCL8/FGFR2/FAM83D/EPHA4/ADORA1/RAMP3/CCL7/PLCG2/XDH/DUSP8/GADD45G/PSCA/HTR2A/CCR1	53
GO:0001503	ossification	42/686	331/12179	6.15338522528753e-07	0.000125341131008956	9.79856511625921e-05	SORT1/FSTL3/COL11A1/COL1A1/ZBTB16/TMT1A/CEBPD/GPM6B/ITGA11/CBS/ZHX3/FBN2/TMEM119/TENT5A/DHRS3/IGSF10/LEP/PKDCC/S1PR1/CCN2/RASSF2/P2RX7/KAZALD1/SOX9/LGR4/CRIM1/DNAI3/AXIN2/RSPO2/TNFAIP6/CCN1/STC1/CHRDL2/GDF5/EGR2/CYP24A1/FGFR2/SFRP2/SLC24A3/PTGS2/ENPP1/CCR1	42
GO:0003073	regulation of systemic arterial blood pressure	14/686	52/12179	6.79896961986982e-07	0.000125341131008956	9.79856511625921e-05	KCNK6/OXTR/CORIN/POSTN/ADRA1B/ADM2/DDAH1/CORO2B/AGT/IER3/ARHGAP42/ADORA1/HSD11B2/ASIC2	14
GO:0006936	muscle contraction	32/686	220/12179	6.99312616061021e-07	0.000125341131008956	9.79856511625921e-05	CACNB2/PDE5A/LMOD1/SCN7A/OXTR/ABCC9/ABAT/APBB2/SGCD/ACTA2/ATP2A2/GDNF/CLIC2/ADRA1B/FGF13/BDKRB2/NEDD4L/SCN1B/KCNE3/STC1/NR4A1/CACNA1G/ADRA2A/ARHGAP42/KCND3/KCND2/ADORA1/PTGS2/MYH13/PKP2/KCNB2/HTR2A	32
GO:0045670	regulation of osteoclast differentiation	13/686	45/12179	7.0055592552747e-07	0.000125341131008956	9.79856511625921e-05	FSTL3/PIK3R1/NEDD9/RASSF2/LRRC17/GPR68/UBASH3B/TNFAIP6/MAFB/TNFRSF11B/CAMK4/INPP5D/CCR1	13
GO:0007409	axonogenesis	41/686	322/12179	7.65170449302119e-07	0.000131425676372132	0.000102742255276819	NEXN/CXCL12/CCKAR/ADARB1/PLXNA4/LAMA2/CRABP2/EPHB2/FLRT3/ADCY1/EPHB6/RPS6KA5/RND2/SEMA3A/EPHB3/GDNF/KIAA1755/ROBO1/PLEKHG4/FGF13/ULK2/ARHGEF28/SLITRK6/VEGFA/GDF7/SEMA6D/CHL1/RAC3/SCN1B/SPTBN4/PLPPR4/EGR2/PAK3/KALRN/FGFR2/NRXN3/CDH4/EPHA4/NGF/LGI1/EPHA5	41
GO:0006935	chemotaxis	38/686	291/12179	1.04208504916855e-06	0.000163121485516877	0.000127520510213351	DUSP1/VCAM1/CXCL12/PLXNA4/CCN3/AMOT/FLRT3/DAPK2/NEDD9/S1PR1/SEMA3A/GDNF/ROBO1/HMGB2/ENPP2/VEGFA/TGFB2/THBS1/SEMA6D/TYMP/IL34/FGF10/RAC3/TNFAIP6/CCN1/NR4A1/NRG1/IL12A/CCL8/ACKR4/CH25H/EGR3/CYP19A1/MSTN/CCL7/LSP1/ACKR2/CCR1	38
GO:0042330	taxis	38/686	291/12179	1.04208504916855e-06	0.000163121485516877	0.000127520510213351	DUSP1/VCAM1/CXCL12/PLXNA4/CCN3/AMOT/FLRT3/DAPK2/NEDD9/S1PR1/SEMA3A/GDNF/ROBO1/HMGB2/ENPP2/VEGFA/TGFB2/THBS1/SEMA6D/TYMP/IL34/FGF10/RAC3/TNFAIP6/CCN1/NR4A1/NRG1/IL12A/CCL8/ACKR4/CH25H/EGR3/CYP19A1/MSTN/CCL7/LSP1/ACKR2/CCR1	38
GO:0001934	positive regulation of protein phosphorylation	51/686	447/12179	1.06367060886646e-06	0.000163121485516877	0.000127520510213351	HSPA2/PRKAG2/TGFBR2/TSLP/RAP2B/ARHGEF2/FZD8/NEK10/TMEM119/LIF/RSPO1/NEDD9/PIK3R3/LEP/MOB3B/FAM20A/ROBO1/TNIK/RASSF2/P2RX7/SOX9/ENPP2/PRR5L/AXIN2/VEGFA/TGFB2/THBS1/CDON/IL34/FGF10/AGT/CCN1/ADCY8/MMD/NRG1/IL12A/TNFSF15/GPRC5B/ADRA2A/ANG/RGCC/SFRP2/EPHA4/IL31RA/NGF/RAMP3/PTGS2/PLCG2/FGF22/HTR2A/IL24	51
GO:2000146	negative regulation of cell motility	33/686	236/12179	1.16534960629933e-06	0.000166062079297396	0.000129819324609466	DUSP1/CXCL12/ADARB1/CCN3/CITED2/RAP2B/FOXO3/NEDD9/ING2/ALOX15B/DUSP10/ROBO1/RHOB/APOD/KANK1/SAP30/MCTP1/DNAI3/SPINT2/THBS1/SEMA6D/TNFAIP6/STC1/FRMD5/RGCC/SFRP2/EPHA4/HMOX1/NAV3/ADORA1/CYP19A1/ACVR1C/IL24	33
GO:0042327	positive regulation of phosphorylation	54/686	486/12179	1.16786263224881e-06	0.000166062079297396	0.000129819324609466	HSPA2/PRKAG2/TGFBR2/TSLP/RAP2B/ARHGEF2/FZD8/NEK10/TMEM119/LIF/RSPO1/NEDD9/PIK3R3/LEP/MOB3B/FAM20A/ROBO1/TNIK/RASSF2/P2RX7/SOX9/ENPP2/PRR5L/AXIN2/VEGFA/TGFB2/THBS1/CDON/IL34/FGF10/AGT/CCN1/ADCY8/MMD/NRG1/IL12A/TNFSF15/MERTK/GPRC5B/ADRA2A/CIMAP3/FGFR2/ANG/RGCC/SFRP2/EPHA4/IL31RA/NGF/RAMP3/PTGS2/PLCG2/FGF22/HTR2A/IL24	54
GO:0030335	positive regulation of cell migration	49/686	424/12179	1.19886456875158e-06	0.000166062079297396	0.000129819324609466	ADAMTS1/PDPN/CXCL12/COL1A1/SUN2/FAM107A/IRS2/DAAM2/TGFBR2/NR4A3/ARHGEF2/EPHB2/DAPK2/LRRC15/MYADM/PIK3R1/NEDD9/PIK3R3/ACTA2/PRKCE/S1PR1/SEMA3A/RHOJ/PLK2/POSTN/RHOB/CARMIL1/SOX9/ENPP2/BDKRB1/VEGFA/TGFB2/THBS1/SEMA6D/IL34/FGF10/AGT/TNFAIP6/CCN1/IL12A/ADRA2A/EPHA4/HMOX1/MSTN/PTGS2/CCL7/PLCG2/MMP7/CCR1	49
GO:0007268	chemical synaptic transmission	52/686	463/12179	1.34281301233275e-06	0.000174728456816873	0.000136594280584661	CACNB2/DNM1/ADARB1/LAMA2/FAM107A/SLC6A6/SLC6A9/EPHB2/OXTR/ADCY1/ABAT/PRKCE/GLS/PLK2/ATP2A2/CADPS2/SYN2/GDNF/SLC7A11/LRRTM2/SLC38A2/P2RX7/MCTP1/AMPH/GRIK4/RAC3/PLPPR4/ADCY8/NR4A1/EGR2/CACNA1G/CAMK2A/ADRA2A/STX11/GRIK1/SORCS2/RASD2/EGR3/SNCAIP/EPHA4/INSYN2A/KCNQ3/KCND2/ADORA1/NGF/PTGS2/LGI1/GRIN2A/LRRC4/ASIC2/BEGAIN/HTR2A	52
GO:0098916	anterograde trans-synaptic signaling	52/686	463/12179	1.34281301233275e-06	0.000174728456816873	0.000136594280584661	CACNB2/DNM1/ADARB1/LAMA2/FAM107A/SLC6A6/SLC6A9/EPHB2/OXTR/ADCY1/ABAT/PRKCE/GLS/PLK2/ATP2A2/CADPS2/SYN2/GDNF/SLC7A11/LRRTM2/SLC38A2/P2RX7/MCTP1/AMPH/GRIK4/RAC3/PLPPR4/ADCY8/NR4A1/EGR2/CACNA1G/CAMK2A/ADRA2A/STX11/GRIK1/SORCS2/RASD2/EGR3/SNCAIP/EPHA4/INSYN2A/KCNQ3/KCND2/ADORA1/NGF/PTGS2/LGI1/GRIN2A/LRRC4/ASIC2/BEGAIN/HTR2A	52
GO:0099537	trans-synaptic signaling	52/686	467/12179	1.73961680512536e-06	0.000219703369447302	0.00017175349819024	CACNB2/DNM1/ADARB1/LAMA2/FAM107A/SLC6A6/SLC6A9/EPHB2/OXTR/ADCY1/ABAT/PRKCE/GLS/PLK2/ATP2A2/CADPS2/SYN2/GDNF/SLC7A11/LRRTM2/SLC38A2/P2RX7/MCTP1/AMPH/GRIK4/RAC3/PLPPR4/ADCY8/NR4A1/EGR2/CACNA1G/CAMK2A/ADRA2A/STX11/GRIK1/SORCS2/RASD2/EGR3/SNCAIP/EPHA4/INSYN2A/KCNQ3/KCND2/ADORA1/NGF/PTGS2/LGI1/GRIN2A/LRRC4/ASIC2/BEGAIN/HTR2A	52
GO:0003018	vascular process in circulatory system	27/686	176/12179	1.82706060138715e-06	0.00022415423492447	0.000175232970160109	TJP2/SLC6A6/SLC6A9/CBS/OXTR/ABCC9/GCLM/ACTA2/LEP/SLC16A12/SLC5A6/ADRA1B/DDAH1/SLC38A2/BDKRB2/GCH1/VEGFA/AGT/ADRA2A/ARHGAP42/PER2/ADORA1/SLC24A3/PTGS2/SLC7A5/ASIC2/HTR2A	27
GO:1903530	regulation of secretion by cell	44/686	371/12179	2.13440207758831e-06	0.000251475109242453	0.00019659111204721	CXCL12/CCKAR/SOX4/INHBB/RAB11FIP1/CCN3/FOXO1/IRS2/C1QTNF1/OXTR/ABAT/LIF/PLA2G4A/PRKCE/LEP/ATP2A2/CADPS2/GDNF/SLC38A2/P2RX7/MCTP1/GPR68/TGFB2/AGT/LGI3/ADCY8/IL12A/CAMK2A/ADRA2A/ANG/TRPV6/RGCC/SNCAIP/RAB27B/SEPTIN4/PER2/ADORA1/CYP19A1/RAPGEF4/EPHA5/ACVR1C/MAOB/HTR2A/CHD7	44
GO:0045776	negative regulation of blood pressure	9/686	23/12179	2.16687914344918e-06	0.000251475109242453	0.00019659111204721	KCNK6/ABCC9/ABAT/ADM2/BDKRB1/GCH1/IER3/ARHGAP42/ADORA1	9
GO:0099536	synaptic signaling	53/686	485/12179	2.43440793442142e-06	0.00027508809658962	0.000215050606727698	CACNB2/DNM1/ADARB1/LAMA2/FAM107A/SLC6A6/SLC6A9/EPHB2/OXTR/ADCY1/ABAT/PRKCE/GLS/PLK2/ATP2A2/CADPS2/SYN2/GDNF/SLC7A11/LRRTM2/SLC38A2/P2RX7/MCTP1/AMPH/GRIK4/RAC3/PLPPR4/ADCY8/NR4A1/DRP2/EGR2/CACNA1G/CAMK2A/ADRA2A/STX11/GRIK1/SORCS2/RASD2/EGR3/SNCAIP/EPHA4/INSYN2A/KCNQ3/KCND2/ADORA1/NGF/PTGS2/LGI1/GRIN2A/LRRC4/ASIC2/BEGAIN/HTR2A	53
GO:2000147	positive regulation of cell motility	49/686	438/12179	3.05434868243758e-06	0.000336291621599666	0.000262896570804141	ADAMTS1/PDPN/CXCL12/COL1A1/SUN2/FAM107A/IRS2/DAAM2/TGFBR2/NR4A3/ARHGEF2/EPHB2/DAPK2/LRRC15/MYADM/PIK3R1/NEDD9/PIK3R3/ACTA2/PRKCE/S1PR1/SEMA3A/RHOJ/PLK2/POSTN/RHOB/CARMIL1/SOX9/ENPP2/BDKRB1/VEGFA/TGFB2/THBS1/SEMA6D/IL34/FGF10/AGT/TNFAIP6/CCN1/IL12A/ADRA2A/EPHA4/HMOX1/MSTN/PTGS2/CCL7/PLCG2/MMP7/CCR1	49
GO:0030282	bone mineralization	18/686	93/12179	3.5367046889111e-06	0.000362499739540619	0.000283384813422654	GPM6B/FBN2/TMEM119/TENT5A/LEP/PKDCC/S1PR1/P2RX7/SOX9/LGR4/AXIN2/RSPO2/CCN1/FGFR2/SLC24A3/PTGS2/ENPP1/CCR1	18
GO:0008016	regulation of heart contraction	22/686	131/12179	3.63238812275077e-06	0.000362499739540619	0.000283384813422654	CACNB2/TBX18/PDE5A/ABCC9/CORIN/ATP2A2/CLIC2/ADRA1B/ADM2/FGF13/GCH1/TGFB2/AGT/SCN1B/SPTBN4/KCNE3/STC1/CACNA1G/KCND3/KCND2/ADORA1/PKP2	22
GO:0007186	G protein-coupled receptor signaling pathway	45/686	391/12179	3.68208092288888e-06	0.000362499739540619	0.000283384813422654	SORT1/KCTD12/CXCL12/CCKAR/INPP5A/FZD8/OXTR/AGTRAP/ADCY1/GPR37/ALOX15B/S1PR1/ADRA1B/ADM2/LGR4/BDKRB2/BDKRB1/GPR68/GNG2/ADCY4/FZD5/AGT/PLPPR4/ADCY8/GPR150/GPR63/GPRC5B/CAMK2A/ADRA2A/CCL8/SORCS2/ACKR4/GUCY2D/MCHR1/RXFP1/ADORA1/RAMP3/P2RY14/CCL7/RAPGEF4/DGKB/ACKR2/HTR2A/RGS6/CCR1	45
GO:0030336	negative regulation of cell migration	31/686	226/12179	3.69374585203415e-06	0.000362499739540619	0.000283384813422654	DUSP1/CXCL12/ADARB1/CCN3/CITED2/RAP2B/FOXO3/NEDD9/ING2/ALOX15B/DUSP10/ROBO1/RHOB/APOD/KANK1/SAP30/MCTP1/DNAI3/THBS1/SEMA6D/TNFAIP6/STC1/RGCC/SFRP2/EPHA4/HMOX1/NAV3/ADORA1/CYP19A1/ACVR1C/IL24	31
GO:0019229	regulation of vasoconstriction	11/686	37/12179	3.71448265947537e-06	0.000362499739540619	0.000283384813422654	OXTR/LEP/ADRA1B/BDKRB2/AGT/ADRA2A/ARHGAP42/PER2/PTGS2/ASIC2/HTR2A	11
GO:0034765	regulation of monoatomic ion transmembrane transport	34/686	261/12179	4.06945353512232e-06	0.00038831629955145	0.000303566954935791	CACNB2/STOM/KCNK6/SLC6A9/TRPC6/EPHB2/SCN7A/FGF14/PRKCE/CLIC6/CLIC2/FGF13/P2RX7/NEDD4L/BDKRB1/KCNK15/UBASH3B/SCN1B/KCNS1/KCNE3/CACNA1G/ADRA2A/KCND3/KCNQ3/KCND2/TMC2/TMEM37/RAMP3/GRIN2A/KCNA3/CATSPER2/ASIC2/KCNB2/CHD7	34
GO:0019932	second-messenger-mediated signaling	27/686	185/12179	4.83080670768252e-06	0.000450945304408451	0.000352527290407313	VCAM1/LMCD1/PDE5A/CBS/ADCY1/SGCD/ATP2A2/CLIC2/DDAH1/P2RX7/SOX9/MCTP1/VEGFA/THBS1/AGT/ACKR4/GUCY2D/MYOZ2/RASD2/GRIN2A/PLCG2/EPHA5/ACKR2/TMEM100/RCAN1/RCAN2/CCR1	27
GO:0040017	positive regulation of locomotion	49/686	446/12179	5.08032922343344e-06	0.000460008610058385	0.000359612545651506	ADAMTS1/PDPN/CXCL12/COL1A1/SUN2/FAM107A/IRS2/DAAM2/TGFBR2/NR4A3/ARHGEF2/EPHB2/DAPK2/LRRC15/MYADM/PIK3R1/NEDD9/PIK3R3/ACTA2/PRKCE/S1PR1/SEMA3A/RHOJ/PLK2/POSTN/RHOB/CARMIL1/SOX9/ENPP2/BDKRB1/VEGFA/TGFB2/THBS1/SEMA6D/IL34/FGF10/AGT/TNFAIP6/CCN1/IL12A/ADRA2A/EPHA4/HMOX1/MSTN/PTGS2/CCL7/PLCG2/MMP7/CCR1	49
GO:0070252	actin-mediated cell contraction	15/686	69/12179	5.14215493311655e-06	0.000460008610058385	0.000359612545651506	CACNB2/PDPN/ABCC9/SGCD/ACTA2/ATP2A2/FGF13/NEDD4L/SCN1B/KCNE3/STC1/CACNA1G/KCND3/ADORA1/PKP2	15
GO:0120039	plasma membrane bounded cell projection morphogenesis	51/686	473/12179	5.56794798505043e-06	0.000485104282237627	0.000379231131825507	NEXN/PDPN/CXCL12/CCKAR/ADARB1/PLXNA4/LAMA2/PDLIM5/CRABP2/EPHB2/FLRT3/ADCY1/EPHB6/TUBA1A/RPS6KA5/RND2/SEMA3A/EPHB3/GDNF/POSTN/KIAA1755/ROBO1/PLEKHG4/FGF13/TNIK/ULK2/KANK1/ARHGEF28/GAS7/ENPP2/NEDD4L/SLITRK6/VEGFA/GDF7/SEMA6D/CHL1/RAC3/SCN1B/SPTBN4/PLPPR4/EGR2/PAK3/KALRN/FGFR2/NRXN3/CDH4/EPHA4/NGF/LGI1/EPHA5/MYO16	51
GO:0040013	negative regulation of locomotion	34/686	265/12179	5.70486480176747e-06	0.000485104282237627	0.000379231131825507	DUSP1/CXCL12/ADARB1/CCN3/CITED2/RAP2B/FOXO3/NEDD9/ING2/ALOX15B/DUSP10/SEMA3A/ROBO1/RHOB/APOD/KANK1/SAP30/MCTP1/DNAI3/SPINT2/THBS1/SEMA6D/TNFAIP6/STC1/FRMD5/RGCC/SFRP2/EPHA4/HMOX1/NAV3/ADORA1/CYP19A1/ACVR1C/IL24	34
GO:0060047	heart contraction	24/686	155/12179	5.76160186169515e-06	0.000485104282237627	0.000379231131825507	CACNB2/TBX18/PDE5A/ABCC9/SGCD/CORIN/ATP2A2/CLIC2/ADRA1B/ADM2/FGF13/NEDD4L/GCH1/TGFB2/AGT/SCN1B/SPTBN4/KCNE3/STC1/CACNA1G/KCND3/KCND2/ADORA1/PKP2	24
GO:0051952	regulation of amine transport	12/686	46/12179	6.12997743317971e-06	0.000506194674962955	0.000395718583692512	CXCL12/OXTR/ABAT/LEP/GDNF/SLC38A2/P2RX7/ADRA2A/PER2/ADORA1/SLC7A5/HTR2A	12
GO:0086003	cardiac muscle cell contraction	13/686	54/12179	6.64326034319979e-06	0.000538229432333961	0.000420761812005246	CACNB2/ABCC9/SGCD/ATP2A2/FGF13/NEDD4L/SCN1B/KCNE3/STC1/CACNA1G/KCND3/ADORA1/PKP2	13
GO:0003015	heart process	25/686	167/12179	6.84133856301614e-06	0.000544013107214654	0.00042528321008691	CACNB2/TBX18/PDE5A/ABCC9/SGCD/CORIN/ATP2A2/CLIC2/ADRA1B/ADM2/FGF13/NEDD4L/GCH1/TGFB2/AGT/SCN1B/SPTBN4/KCNE3/STC1/CACNA1G/KCND3/KCND2/ADORA1/RAMP3/PKP2	25
GO:0048858	cell projection morphogenesis	51/686	477/12179	7.06958831318164e-06	0.00055194204030549	0.0004314816675739	NEXN/PDPN/CXCL12/CCKAR/ADARB1/PLXNA4/LAMA2/PDLIM5/CRABP2/EPHB2/FLRT3/ADCY1/EPHB6/TUBA1A/RPS6KA5/RND2/SEMA3A/EPHB3/GDNF/POSTN/KIAA1755/ROBO1/PLEKHG4/FGF13/TNIK/ULK2/KANK1/ARHGEF28/GAS7/ENPP2/NEDD4L/SLITRK6/VEGFA/GDF7/SEMA6D/CHL1/RAC3/SCN1B/SPTBN4/PLPPR4/EGR2/PAK3/KALRN/FGFR2/NRXN3/CDH4/EPHA4/NGF/LGI1/EPHA5/MYO16	51
GO:0007610	behavior	46/686	414/12179	7.38183314714193e-06	0.000566028420246919	0.000442493720042023	CXCL12/ADARB1/GDF15/NR4A3/EPHB2/OXTR/ADCY1/ABAT/TUBA1A/NEDD9/PPP1R1B/GPR37/PRKCE/NEGR1/LEP/ALDH1A3/GLS/PLK2/GDNF/PER3/SLC7A11/ADM2/FGF13/NPAS2/SLITRK6/ITGA8/GCNT4/THBS1/CHL1/SPTBN4/ADCY8/CAMK4/EGR2/NRXN3/RASD2/EPHA4/MCHR1/KCNQ3/KCND2/ADORA1/NGF/PTGS2/GRIN2A/RCAN1/HTR2A/CHD7	46
GO:0031214	biomineral tissue development	20/686	117/12179	7.58381911400475e-06	0.000571314373255024	0.000446626023168257	COL1A1/GPM6B/FBN2/TMEM119/TENT5A/LEP/PKDCC/S1PR1/FAM20A/P2RX7/SOX9/LGR4/AXIN2/RSPO2/CCN1/FGFR2/SLC24A3/PTGS2/ENPP1/CCR1	20
GO:0009612	response to mechanical stimulus	23/686	149/12179	9.46712659080612e-06	0.000700893820360715	0.000547924985446111	CXCL12/COL11A1/COL1A1/USP53/IGFBP2/CITED2/PIEZO2/TUBA1A/POSTN/TRPA1/SLC38A2/P2RX7/SOX9/SLITRK6/BDKRB1/THBS1/PKD1L2/GDF5/KCNQ3/TMC2/PTGS2/ASIC2/HTR2A	23
GO:0045444	fat cell differentiation	27/686	192/12179	9.77225164020094e-06	0.00071122116174615	0.000555998402865313	SORT1/INHBB/ZBTB16/FOXO1/CEBPD/NR4A3/STEAP4/KLF5/LEP/DUSP10/ALDH6A1/SOCS1/TRIB3/AXIN2/FGF10/MAFB/FRZB/NR4A1/EGR2/LMO3/SFRP2/PER2/FABP4/PTGS2/ENPP1/FNDC5/HTR2A	27
GO:0010817	regulation of hormone levels	39/686	332/12179	1.01815789618196e-05	0.000728661667700889	0.000569632549284959	CCKAR/SOX4/INHBB/RAB11FIP1/CCN3/FOXO1/IRS2/C1QTNF1/CRABP2/PNPLA2/DHRS3/ABAT/CORIN/LIF/PRKCE/LEP/ALDH1A3/HSD17B6/ADH1B/ADH1A/GPR68/ADH1C/GCNT4/AGT/ADCY8/PLB1/ADRA2A/DIO2/TRPV6/PER2/ADORA1/CYP19A1/RAPGEF4/EPHA5/ACVR1C/SLC7A5/IL4I1/RBP1/CHD7	39
GO:0002521	leukocyte differentiation	45/686	409/12179	1.19577757519165e-05	0.000841749001290647	0.000658038772611936	VCAM1/SOX4/FSTL3/ZBTB16/TGFBR2/CITED2/FZD8/FOXO3/LIF/PIK3R1/NEDD9/PIK3R3/SMARCD2/LEP/DUSP10/KLF6/RASSF2/LRRC17/NFIL3/SOCS1/GPR68/VEGFA/TNFSF13B/FZD5/IL34/UBASH3B/TNFAIP6/MAFB/TNFRSF11B/CAMK4/BATF3/MERTK/PRDM1/BLNK/LFNG/EGR3/INPP5D/IL31RA/PLCG2/TNFSF9/BATF2/IL4I1/SIGLEC15/CCR1/CHD7	45
GO:0015837	amine transport	12/686	49/12179	1.24376902452326e-05	0.000847737173222679	0.000662720036625676	CXCL12/OXTR/ABAT/LEP/GDNF/SLC38A2/P2RX7/ADRA2A/PER2/ADORA1/SLC7A5/HTR2A	12
GO:0042310	vasoconstriction	12/686	49/12179	1.24376902452326e-05	0.000847737173222679	0.000662720036625676	OXTR/ACTA2/LEP/ADRA1B/BDKRB2/AGT/ADRA2A/ARHGAP42/PER2/PTGS2/ASIC2/HTR2A	12
GO:0030855	epithelial cell differentiation	46/686	424/12179	1.3774081789954e-05	0.000924154800094726	0.000722459651779001	PDPN/KLF15/SOX4/ERRFI1/TJP2/FST/ANXA4/COL4A1/KLF5/AQP3/MYADM/CFLAR/LIF/MAFF/TST/NCOA3/ACTA2/ALOX15B/S1PR1/TUBB/CDKN2B/GDNF/TAGLN/SLC7A11/SOX9/SLITRK6/SPINT2/VEGFA/GDF7/FZD5/FGF10/MTSS1/MAFB/FRZB/COL27A1/STC1/NRG1/LBH/PRDM1/SFRP4/FGFR2/HPSE/E2F7/IL31RA/XDH/TMEM100	46
GO:0018108	peptidyl-tyrosine phosphorylation	26/686	186/12179	1.5852389500806e-05	0.00104723323871478	0.000818676439159033	ERRFI1/TSLP/RAP2B/ARHGEF2/EPHB2/LIF/NEDD9/PRKCE/LEP/PKDCC/ENPP2/SOCS1/VEGFA/IL34/FGF10/AGT/IL12A/GPRC5B/ADRA2A/FGFR2/SFRP2/EPHA4/IL31RA/PLCG2/HTR2A/IL24	26
GO:0051960	regulation of nervous system development	38/686	328/12179	1.81336801185181e-05	0.00117978821861995	0.000922301529472954	CXCL12/WNT2/PLXNA4/DAAM2/CTSC/CRABP2/EPHB2/OXTR/FLRT3/WASF3/LIF/RND2/DUSP10/SEMA3A/EPHB3/CDKN2B/ROBO1/FGF13/LRRTM2/ULK2/HMGB2/SLITRK6/TENM4/VEGFA/CDON/SEMA6D/TYMP/IL34/HAPLN3/EGR2/CDH4/EPHA4/PER2/NGF/LRRN1/SLC7A5/ASIC2/CHD7	38
GO:0018212	peptidyl-tyrosine modification	26/686	188/12179	1.92012093970772e-05	0.00123059691270223	0.000962021316060944	ERRFI1/TSLP/RAP2B/ARHGEF2/EPHB2/LIF/NEDD9/PRKCE/LEP/PKDCC/ENPP2/SOCS1/VEGFA/IL34/FGF10/AGT/IL12A/GPRC5B/ADRA2A/FGFR2/SFRP2/EPHA4/IL31RA/PLCG2/HTR2A/IL24	26
GO:0032990	cell part morphogenesis	51/686	496/12179	2.08270930166166e-05	0.00131516966784341	0.00102813621718251	NEXN/PDPN/CXCL12/CCKAR/ADARB1/PLXNA4/LAMA2/PDLIM5/CRABP2/EPHB2/FLRT3/ADCY1/EPHB6/TUBA1A/RPS6KA5/RND2/SEMA3A/EPHB3/GDNF/POSTN/KIAA1755/ROBO1/PLEKHG4/FGF13/TNIK/ULK2/KANK1/ARHGEF28/GAS7/ENPP2/NEDD4L/SLITRK6/VEGFA/GDF7/SEMA6D/CHL1/RAC3/SCN1B/SPTBN4/PLPPR4/EGR2/PAK3/KALRN/FGFR2/NRXN3/CDH4/EPHA4/NGF/LGI1/EPHA5/MYO16	51
GO:0070482	response to oxygen levels	33/686	270/12179	2.17132787398632e-05	0.00135125824505757	0.00105634852633751	PDPN/VCAM1/CXCL12/SOX4/COL1A1/HIF3A/FOXO1/CBS/CITED2/OXTR/AGTRAP/ABAT/AQP3/CFLAR/LIF/PRKCE/LEP/POSTN/DDAH1/VEGFA/TGFB2/THBS1/STC1/FGFR2/ANG/RGCC/EPHA4/HMOX1/KCND2/ADORA1/HSD11B2/PTGS2/SLC7A5	33
GO:0048812	neuron projection morphogenesis	48/686	458/12179	2.23412846451884e-05	0.00135684275613719	0.00106071422776493	NEXN/CXCL12/CCKAR/ADARB1/PLXNA4/LAMA2/PDLIM5/CRABP2/EPHB2/FLRT3/ADCY1/EPHB6/TUBA1A/RPS6KA5/RND2/SEMA3A/EPHB3/GDNF/POSTN/KIAA1755/ROBO1/PLEKHG4/FGF13/TNIK/ULK2/ARHGEF28/GAS7/NEDD4L/SLITRK6/VEGFA/GDF7/SEMA6D/CHL1/RAC3/SCN1B/SPTBN4/PLPPR4/EGR2/PAK3/KALRN/FGFR2/NRXN3/CDH4/EPHA4/NGF/LGI1/EPHA5/MYO16	48
GO:0050730	regulation of peptidyl-tyrosine phosphorylation	23/686	157/12179	2.26540776865512e-05	0.00135684275613719	0.00106071422776493	ERRFI1/TSLP/RAP2B/ARHGEF2/LIF/NEDD9/PRKCE/LEP/ENPP2/SOCS1/VEGFA/IL34/FGF10/AGT/IL12A/GPRC5B/ADRA2A/SFRP2/EPHA4/IL31RA/PLCG2/HTR2A/IL24	23
GO:0043410	positive regulation of MAPK cascade	37/686	319/12179	2.2750973088467e-05	0.00135684275613719	0.00106071422776493	GDF15/C1QTNF1/NEK10/CFLAR/LIF/ACTA2/GPR37/PRKCE/LEP/SEMA3A/BMPER/GADD45B/ROBO1/ADRA1B/TNIK/CCN2/RASSF2/P2RX7/VEGFA/TGFB2/THBS1/CDON/IL34/FGF10/DOK6/NRG1/ADRA2A/CCL8/FGFR2/ADORA1/RAMP3/CCL7/PLCG2/XDH/GADD45G/HTR2A/CCR1	37
GO:0035150	regulation of tube size	16/686	88/12179	2.77803725614396e-05	0.00157434540373819	0.00123074730775405	CBS/OXTR/GCLM/ACTA2/LEP/ADRA1B/BDKRB2/GCH1/AGT/ADRA2A/ARHGAP42/PER2/ADORA1/PTGS2/ASIC2/HTR2A	16
GO:0035296	regulation of tube diameter	16/686	88/12179	2.77803725614396e-05	0.00157434540373819	0.00123074730775405	CBS/OXTR/GCLM/ACTA2/LEP/ADRA1B/BDKRB2/GCH1/AGT/ADRA2A/ARHGAP42/PER2/ADORA1/PTGS2/ASIC2/HTR2A	16
GO:0097746	blood vessel diameter maintenance	16/686	88/12179	2.77803725614396e-05	0.00157434540373819	0.00123074730775405	CBS/OXTR/GCLM/ACTA2/LEP/ADRA1B/BDKRB2/GCH1/AGT/ADRA2A/ARHGAP42/PER2/ADORA1/PTGS2/ASIC2/HTR2A	16
GO:0046883	regulation of hormone secretion	23/686	159/12179	2.7864520420145e-05	0.00157434540373819	0.00123074730775405	CCKAR/SOX4/INHBB/RAB11FIP1/CCN3/FOXO1/IRS2/C1QTNF1/ABAT/LIF/PRKCE/LEP/GPR68/AGT/ADCY8/ADRA2A/PER2/ADORA1/CYP19A1/RAPGEF4/EPHA5/ACVR1C/CHD7	23
GO:0050731	positive regulation of peptidyl-tyrosine phosphorylation	18/686	108/12179	3.05735641224133e-05	0.00170497252391744	0.00133286529031273	TSLP/ARHGEF2/LIF/NEDD9/LEP/ENPP2/VEGFA/IL34/FGF10/AGT/IL12A/GPRC5B/ADRA2A/EPHA4/IL31RA/PLCG2/HTR2A/IL24	18
GO:0045671	negative regulation of osteoclast differentiation	8/686	24/12179	3.1932061654454e-05	0.00174659262283641	0.00136540187635754	FSTL3/PIK3R1/LRRC17/UBASH3B/TNFAIP6/MAFB/TNFRSF11B/INPP5D	8
GO:0060048	cardiac muscle contraction	16/686	89/12179	3.21333994420299e-05	0.00174659262283641	0.00136540187635754	CACNB2/PDE5A/ABCC9/SGCD/ATP2A2/CLIC2/ADRA1B/FGF13/NEDD4L/SCN1B/KCNE3/STC1/CACNA1G/KCND3/ADORA1/PKP2	16
GO:0098771	inorganic ion homeostasis	39/686	350/12179	3.43505951585707e-05	0.00184376819513628	0.00144136905211423	CACNB2/STEAP2/MT2A/CXCL12/MT1E/TRPC6/SCN7A/STEAP4/SGCD/CORIN/PRKCE/SLC39A10/FAM20A/ATP2A2/CLIC2/MT1X/TRPA1/P2RX7/MT1M/BDKRB1/AGT/UBASH3B/KCNE3/ADCY8/STC1/SYPL2/CCL8/SFRP4/TRPV6/HMOX1/ADORA1/SLC24A3/CCL7/PLCG2/ENPP1/SCARA5/HTR2A/CCR1/CHD7	39
GO:0032970	regulation of actin filament-based process	35/686	301/12179	3.57904485924022e-05	0.00189733563278735	0.00148324549137324	PDPN/CXCL12/SYNPO2/FAM107A/CDC42EP3/DAAM2/GPM6B/LMOD1/ARHGAP28/WASF3/MYADM/PIK3R1/NEDD9/ACTA2/PRKCE/S1PR1/ATP2A2/CORO2B/FGF13/CCN2/CARMIL1/KANK1/DNAI3/SSH2/RAC3/MTSS1/SPTBN4/STC1/CRACD/PAK3/RGCC/ADORA1/EPHA5/PKP2/SIGLEC15	35
GO:0032890	regulation of organic acid transport	11/686	46/12179	3.64151086469606e-05	0.00190690825036645	0.00149072890212012	ACSL1/IRS2/ABAT/PLA2G4A/LEP/SLC38A2/P2RX7/THBS1/PER2/ADORA1/SLC7A5	11
GO:0045785	positive regulation of cell adhesion	38/686	339/12179	3.79216459558887e-05	0.0019618740690914	0.00153369852826035	PDPN/VCAM1/CXCL12/SOX4/FSTL3/LAMA2/ZBTB16/TGFBR2/IGFBP2/NR4A3/CITED2/CYTH3/FOXO3/MYADM/LIF/NEDD9/PRKCE/SMARCD2/LEP/NID1/DUSP10/MAP3K8/CARMIL1/LIMS2/SOCS1/VEGFA/TNFSF13B/TGFB2/RAC3/CCN1/IL12A/FRMD5/SFRP2/EGR3/EPHA4/TNFSF9/ICOSLG/IL4I1	38
GO:0072593	reactive oxygen species metabolic process	23/686	163/12179	4.16327923492395e-05	0.0021282286946147	0.00166374655140006	GPX3/FOXO1/TGFBR2/CBS/DCXR/CFLAR/LEP/CCN2/P2RX7/BRCA1/GCH1/THBS1/AGT/IER3/CCN1/H19/PDK4/ACP5/HBA1/PLCG2/XDH/MAOB/HBA2	23
GO:0030048	actin filament-based movement	16/686	91/12179	4.26840858228526e-05	0.0021562995826274	0.00168569101782139	CACNB2/PDPN/SUN2/ABCC9/SGCD/ACTA2/ATP2A2/FGF13/NEDD4L/SCN1B/KCNE3/STC1/CACNA1G/KCND3/ADORA1/PKP2	16
GO:0042417	dopamine metabolic process	8/686	25/12179	4.46567985297827e-05	0.00222972433589404	0.00174309094873289	MAOA/ABAT/GPR37/GCH1/TGFB2/SNCAIP/GRIN2A/MAOB	8
GO:0002761	regulation of myeloid leukocyte differentiation	15/686	82/12179	4.5686649553161e-05	0.0022549249790951	0.00176279159618912	FSTL3/LIF/PIK3R1/NEDD9/RASSF2/LRRC17/GPR68/IL34/UBASH3B/TNFAIP6/MAFB/TNFRSF11B/CAMK4/INPP5D/CCR1	15
GO:0090130	tissue migration	31/686	258/12179	5.32559744103019e-05	0.00259864947861177	0.00203149883246953	CCN3/AMOT/IRS2/DAAM2/TGFBR2/PIK3R3/ACTA2/PRKCE/DUSP10/RHOJ/PLK2/BMPER/GLUL/ROBO1/RHOB/SOX9/KANK1/ENPP2/VEGFA/TGFB2/THBS1/FGF10/AGT/STC1/NR4A1/ACTG2/RGCC/EGR3/HMOX1/PTGS2/PLCG2	31
GO:0048667	cell morphogenesis involved in neuron differentiation	44/686	422/12179	5.54832358236571e-05	0.00262714869882428	0.00205377814834668	NEXN/CXCL12/CCKAR/ADARB1/PLXNA4/LAMA2/PDLIM5/CRABP2/EPHB2/FLRT3/ADCY1/EPHB6/RPS6KA5/RND2/SEMA3A/EPHB3/GDNF/KIAA1755/ROBO1/PLEKHG4/FGF13/TNIK/ULK2/ARHGEF28/NEDD4L/SLITRK6/VEGFA/GDF7/SEMA6D/CHL1/RAC3/SCN1B/SPTBN4/PLPPR4/EGR2/PAK3/KALRN/FGFR2/NRXN3/CDH4/EPHA4/NGF/LGI1/EPHA5	44
GO:0090257	regulation of muscle system process	22/686	155/12179	5.55519842952869e-05	0.00262714869882428	0.00205377814834668	FOXO1/LMCD1/PDE5A/NR4A3/OXTR/ABAT/FOXO3/ATP2A2/CLIC2/ADRA1B/FGF13/AGT/STC1/NR4A1/PI16/ADRA2A/ARHGAP42/ADORA1/MSTN/PTGS2/PKP2/KCNB2	22
GO:0002573	myeloid leukocyte differentiation	23/686	166/12179	5.56754847678177e-05	0.00262714869882428	0.00205377814834668	FSTL3/TGFBR2/CITED2/LIF/PIK3R1/NEDD9/RASSF2/LRRC17/SOCS1/GPR68/VEGFA/IL34/UBASH3B/TNFAIP6/MAFB/TNFRSF11B/CAMK4/BATF3/INPP5D/IL31RA/BATF2/SIGLEC15/CCR1	23
GO:0050678	regulation of epithelial cell proliferation	31/686	259/12179	5.73412296606146e-05	0.00267633956698564	0.00209223319665561	CXCL12/WNT2/IRS2/KLF9/NR4A3/CFLAR/LEP/DUSP10/ST8SIA1/CDKN2B/ROBO1/LIMS2/SOX9/HMGB2/VEGFA/TGFB2/THBS1/FGF10/VASH2/MTSS1/COL4A3/NR4A1/GDF5/IL12A/FGFR2/ANG/RGCC/SFRP2/EGR3/HMOX1/XDH	31
GO:0030316	osteoclast differentiation	14/686	75/12179	6.45989105756646e-05	0.00295437082026807	0.00230958462134064	FSTL3/PIK3R1/NEDD9/RASSF2/LRRC17/GPR68/UBASH3B/TNFAIP6/MAFB/TNFRSF11B/CAMK4/INPP5D/SIGLEC15/CCR1	14
GO:0031589	cell-substrate adhesion	33/686	285/12179	6.4674163275547e-05	0.00295437082026807	0.00230958462134064	PDPN/VCAM1/COL1A1/FAM107A/GPM6B/ITGA11/STON1/MYADM/PIK3R1/ITGBL1/NEDD9/PRKCE/NID1/EPHB3/POSTN/ITGA10/CORO2B/CCN2/CARMIL1/LIMS2/APOD/KANK1/ITGA8/VEGFA/THBS1/RAC3/SORBS1/EDA/CCN1/MERTK/HPSE/PKP2/LYPD3	33
GO:0021675	nerve development	13/686	66/12179	6.559777193619e-05	0.00296447650899196	0.0023174847613991	VCAM1/ADARB1/PLXNA4/CITED2/EPHB2/SEMA3A/SLITRK6/MAFB/EGR2/KCNQ3/NGF/KCNA3/CHD7	13
GO:0010959	regulation of metal ion transport	29/686	237/12179	6.62761399308869e-05	0.00296447650899196	0.0023174847613991	CACNB2/PER1/CXCL12/TRPC6/FGF14/PRKCE/CLIC2/FGF13/P2RX7/EPB41/NEDD4L/BDKRB1/UBASH3B/SCN1B/KCNS1/SPTBN4/KCNE3/STC1/CAMK2A/ADRA2A/MCHR1/TMC2/ADORA1/RAMP3/PTGS2/PKP2/HTR2A/CCR1/CHD7	29
GO:0060326	cell chemotaxis	25/686	191/12179	6.99282150299515e-05	0.00309558510658363	0.0024199791397777	DUSP1/VCAM1/CXCL12/CCN3/DAPK2/NEDD9/S1PR1/HMGB2/VEGFA/TGFB2/THBS1/IL34/RAC3/TNFAIP6/NR4A1/IL12A/CCL8/ACKR4/CH25H/EGR3/CYP19A1/MSTN/CCL7/ACKR2/CCR1	25
GO:0046849	bone remodeling	13/686	67/12179	7.72659364414806e-05	0.00336512484635926	0.00263069230873917	TMEM119/LEP/S1PR1/RASSF2/P2RX7/LGR4/UBASH3B/TNFRSF11B/GDF5/PDK4/ACP5/INPP5D/SIGLEC15	13
GO:0090066	regulation of anatomical structure size	40/686	376/12179	7.75843874684599e-05	0.00336512484635926	0.00263069230873917	CXCL12/PLXNA4/CDC42EP3/DAAM2/LMOD1/CBS/CRABP2/OXTR/GCLM/ARHGAP28/MYADM/ACTA2/PRKCE/RND2/LEP/SEMA3A/ADRA1B/FGF13/ULK2/P2RX7/CARMIL1/KANK1/BDKRB2/SSH2/GCH1/VEGFA/SEMA6D/AGT/SPTBN4/CRACD/PAK3/ADRA2A/ARHGAP42/CDH4/PER2/ADORA1/NGF/PTGS2/ASIC2/HTR2A	40
GO:0050673	epithelial cell proliferation	35/686	315/12179	9.11595239824031e-05	0.00391438995980439	0.00306008128399877	CXCL12/WNT2/CCN3/FST/IRS2/KLF9/NR4A3/CFLAR/LEP/DUSP10/ST8SIA1/BMPER/CDKN2B/ROBO1/LIMS2/SOX9/HMGB2/LGR4/VEGFA/TGFB2/THBS1/FGF10/VASH2/MTSS1/COL4A3/NR4A1/GDF5/IL12A/FGFR2/ANG/RGCC/SFRP2/EGR3/HMOX1/XDH	35
GO:0046660	female sex differentiation	15/686	87/12179	9.28489388967077e-05	0.00394745884774716	0.00308593294571757	ADAMTS1/PTX3/INHBB/LHFPL2/FST/LEP/VEGFA/FGF10/TNFAIP6/DMC1/MERTK/ANG/LFNG/CYP19A1/CHD7	15
GO:0051051	negative regulation of transport	34/686	303/12179	9.43174323718114e-05	0.00395334547350268	0.00309053482582797	INHBB/RAB11FIP1/CCN3/SLC6A9/FOXO1/IRS2/GPM6B/EPHB2/ABAT/LIF/PRKCE/LEP/PKDCC/CLIC2/LRRTM2/PKIA/PRKG2/APOD/MCTP1/NEDD4L/THBS1/KCNE3/STC1/NRG1/IL12A/ADRA2A/SFRP4/SH3GL3/ADORA1/PTGS2/ACVR1C/ENPP1/MAOB/HTR2A	34
GO:0006816	calcium ion transport	31/686	266/12179	9.48287339941258e-05	0.00395334547350268	0.00309053482582797	CACNB2/CXCL12/TRPC6/SCN7A/PRKCE/ATP2A2/CLIC2/TRPA1/P2RX7/EPB41/BDKRB1/UBASH3B/PKD1L2/STC1/CACNA1G/CAMK2A/ADRA2A/CCL8/TRPV6/MCHR1/TMC2/SLC24A3/TMEM37/RAMP3/PTGS2/GRIN2A/PLCG2/CATSPER2/HTR2A/CCR1/CHD7	31
GO:0001523	retinoid metabolic process	11/686	51/12179	0.000100494216476093	0.0040817985720319	0.00319095326311125	CRABP2/PNPLA2/DHRS3/ALDH1A3/HSD17B6/ADH1B/ADH1A/ADH1C/PLB1/ABCA4/RBP1	11
GO:0050951	sensory perception of temperature stimulus	6/686	15/12179	0.000100855369298567	0.0040817985720319	0.00319095326311125	CXCL12/TRPA1/LXN/ADRA2A/ADORA1/HTR2A	6
GO:0050974	detection of mechanical stimulus involved in sensory perception	7/686	21/12179	0.000101206310574263	0.0040817985720319	0.00319095326311125	CXCL12/COL11A1/PIEZO2/TRPA1/TMC2/ASIC2/HTR2A	7
GO:0046850	regulation of bone remodeling	9/686	35/12179	0.000101712260644484	0.0040817985720319	0.00319095326311125	TMEM119/LEP/S1PR1/P2RX7/UBASH3B/TNFRSF11B/PDK4/INPP5D/SIGLEC15	9
GO:0001666	response to hypoxia	28/686	231/12179	0.000103968487666142	0.00413371005591126	0.0032315351575763	VCAM1/CXCL12/SOX4/HIF3A/CBS/CITED2/AGTRAP/ABAT/AQP3/CFLAR/LIF/PRKCE/LEP/POSTN/DDAH1/VEGFA/TGFB2/THBS1/STC1/FGFR2/ANG/RGCC/EPHA4/HMOX1/KCND2/ADORA1/HSD11B2/PTGS2	28
GO:0003206	cardiac chamber morphogenesis	15/686	88/12179	0.00010621919225327	0.00418445148197743	0.00327120235727356	ADAMTS1/SOX4/WNT2/COL11A1/TGFBR2/CITED2/DHRS3/ROBO1/TGFB2/CCN1/NRG1/FGFR2/SFRP2/PKP2/CHD7	15
GO:0045124	regulation of bone resorption	8/686	28/12179	0.000110389379009517	0.00430919994060789	0.00336872468575455	TMEM119/S1PR1/P2RX7/UBASH3B/TNFRSF11B/PDK4/INPP5D/SIGLEC15	8
GO:0007015	actin filament organization	39/686	370/12179	0.000115901919138659	0.00448362919622886	0.00350508506527439	CXCL12/SYNPO2/FAM107A/CDC42EP3/DAAM2/LMOD1/ARHGEF2/AIF1L/ARHGAP28/WASF3/MYADM/PIK3R1/NEDD9/MARCKSL1/PRKCE/RND2/S1PR1/RHOJ/CORO2B/MICAL2/CCN2/RHOB/CARMIL1/KANK1/GAS7/DNAI3/SSH2/CORO6/RAC3/SORBS1/MTSS1/SPTBN4/CRACD/GAS2L3/PAK3/ANG/RGCC/ELMO1/NEBL	39
GO:0036293	response to decreased oxygen levels	29/686	245/12179	0.000120236279562604	0.0046097730753734	0.00360369826621376	VCAM1/CXCL12/SOX4/HIF3A/CBS/CITED2/OXTR/AGTRAP/ABAT/AQP3/CFLAR/LIF/PRKCE/LEP/POSTN/DDAH1/VEGFA/TGFB2/THBS1/STC1/FGFR2/ANG/RGCC/EPHA4/HMOX1/KCND2/ADORA1/HSD11B2/PTGS2	29
GO:0048729	tissue morphogenesis	45/686	450/12179	0.000123066918320725	0.00467654289618757	0.00365589569189374	PDPN/ADARB1/WNT2/COL11A1/TBX18/FST/TGFBR2/CITED2/COL4A1/FLRT3/TXNRD1/NKD1/LIF/ACTA2/ALDH1A3/S1PR1/GDNF/ROBO1/MICAL2/RHOB/SOX9/LGR4/SPINT2/ITGA8/GCNT4/VEGFA/GDF7/TGFB2/FZD5/FGF10/AGT/MTSS1/RSPO2/CCN1/FRZB/STC1/NRG1/FGFR2/ADAMTS5/ACTG2/SFRP2/EPHA4/TMEM100/PKP2/CHD7	45
GO:0048589	developmental growth	48/686	491/12179	0.000127568574376144	0.00475657771060577	0.00371846304981782	CXCL12/PTX3/ADARB1/WNT2/PLXNA4/CCN3/GDF15/PDLIM5/TGFBR2/CRABP2/CITED2/FLRT3/KLF5/NKD1/CFLAR/RND2/LEP/PKDCC/DUSP10/S1PR1/SEMA3A/POSTN/FGF13/ULK2/APOD/SOX9/NEDD4L/SLITRK6/TENM4/VEGFA/TGFB2/SEMA6D/FGF10/RSPO2/SPTBN4/TNFAIP6/COL27A1/STC1/GDF5/PI16/FGFR2/SFRP2/CDH4/CYP19A1/NGF/MSTN/ACVR1C/CHD7	48
GO:0048608	reproductive structure development	26/686	210/12179	0.000128496277231083	0.00475657771060577	0.00371846304981782	ADAMTS1/PTX3/INHBB/FST/CITED2/RHOBTB3/LEP/ING2/ALOX15B/SOX9/HMGB2/LGR4/VEGFA/GDF7/TGFB2/FGF10/TNFAIP6/DMC1/MERTK/FGFR2/ANG/LFNG/SFRP2/KIF18A/CYP19A1/CHD7	26
GO:1902105	regulation of leukocyte differentiation	26/686	210/12179	0.000128496277231083	0.00475657771060577	0.00371846304981782	SOX4/FSTL3/ZBTB16/TGFBR2/FOXO3/LIF/PIK3R1/NEDD9/SMARCD2/DUSP10/RASSF2/LRRC17/SOCS1/GPR68/IL34/UBASH3B/TNFAIP6/MAFB/TNFRSF11B/CAMK4/PRDM1/EGR3/INPP5D/TNFSF9/IL4I1/CCR1	26
GO:0060349	bone morphogenesis	14/686	80/12179	0.000133868335976803	0.00491308234772985	0.00384081082708074	COL1A1/TGFBR2/CBS/CITED2/TMEM119/DHRS3/SOX9/AXIN2/COL27A1/STC1/SFRP4/FGFR2/ACP5/SP5	14
GO:0009914	hormone transport	25/686	199/12179	0.000136426392108764	0.00496057907341208	0.00387794147650605	CCKAR/SOX4/INHBB/RAB11FIP1/CCN3/FOXO1/IRS2/C1QTNF1/ABAT/LIF/PRKCE/LEP/GPR68/AGT/ADCY8/ADRA2A/TRPV6/PER2/ADORA1/CYP19A1/RAPGEF4/EPHA5/ACVR1C/SLC7A5/CHD7	25
GO:0030856	regulation of epithelial cell differentiation	16/686	100/12179	0.000137472964540298	0.00496057907341208	0.00387794147650605	ERRFI1/FST/AQP3/LIF/MAFF/NCOA3/ALOX15B/CDKN2B/GDNF/SOX9/VEGFA/FGF10/FRZB/SFRP4/XDH/TMEM100	16
GO:0009308	amine metabolic process	14/686	81/12179	0.000153620798626208	0.00545489997497939	0.00426437771681643	MAOA/VCAM1/ABAT/GPR37/SAT1/SLC7A11/CHDH/GCH1/TGFB2/INMT/SNCAIP/GRIN2A/MAOB/IL4I1	14
GO:0042573	retinoic acid metabolic process	6/686	16/12179	0.000153712831153355	0.00545489997497939	0.00426437771681643	CRABP2/ALDH1A3/ADH1B/ADH1A/ADH1C/RBP1	6
GO:0045926	negative regulation of growth	24/686	189/12179	0.000156250426283462	0.00549950270869826	0.00429924598289872	MT2A/CCN3/GDF15/MT1E/JADE1/CITED2/NKD1/WFDC1/ALOX15B/DUSP10/SEMA3A/FGF13/MT1X/ULK2/MT1M/BRCA1/BDKRB1/TGFB2/SEMA6D/FRZB/PI16/SFRP2/MSTN/ENPP1	24
GO:0002762	negative regulation of myeloid leukocyte differentiation	9/686	37/12179	0.000161946236884566	0.00565363529416527	0.00441973940457751	FSTL3/PIK3R1/LRRC17/GPR68/UBASH3B/TNFAIP6/MAFB/TNFRSF11B/INPP5D	9
GO:0007548	sex differentiation	24/686	190/12179	0.000169572721773171	0.00586985053723702	0.00458876605379571	ADAMTS1/PTX3/INHBB/LHFPL2/FST/CITED2/RHOBTB3/LEP/ING2/SOX9/HMGB2/LGR4/VEGFA/TGFB2/FGF10/TNFAIP6/DMC1/MERTK/ANG/LFNG/SFRP2/KIF18A/CYP19A1/CHD7	24
GO:0016101	diterpenoid metabolic process	11/686	54/12179	0.000173120504772745	0.00586985053723702	0.00458876605379571	CRABP2/PNPLA2/DHRS3/ALDH1A3/HSD17B6/ADH1B/ADH1A/ADH1C/PLB1/ABCA4/RBP1	11
GO:0042472	inner ear morphogenesis	12/686	63/12179	0.00017421577931303	0.00586985053723702	0.00458876605379571	COL11A1/TBX18/EPHB2/ALDH1A3/SOX9/SLITRK6/ITGA8/FGF10/MAFB/FRZB/FGFR2/CHD7	12
GO:0061337	cardiac conduction	12/686	63/12179	0.00017421577931303	0.00586985053723702	0.00458876605379571	CACNB2/TBX18/ABCC9/CORIN/ATP2A2/AGT/SCN1B/SPTBN4/KCNE3/CACNA1G/KCND3/PKP2	12
GO:0061458	reproductive system development	26/686	214/12179	0.000174974585180796	0.00586985053723702	0.00458876605379571	ADAMTS1/PTX3/INHBB/FST/CITED2/RHOBTB3/LEP/ING2/ALOX15B/SOX9/HMGB2/LGR4/VEGFA/GDF7/TGFB2/FGF10/TNFAIP6/DMC1/MERTK/FGFR2/ANG/LFNG/SFRP2/KIF18A/CYP19A1/CHD7	26
GO:1903131	mononuclear cell differentiation	34/686	313/12179	0.000177389913834126	0.00590474643413749	0.00461604598300308	VCAM1/SOX4/ZBTB16/TGFBR2/FZD8/FOXO3/PIK3R1/PIK3R3/SMARCD2/LEP/DUSP10/KLF6/NFIL3/SOCS1/GPR68/VEGFA/TNFSF13B/FZD5/IL34/MAFB/CAMK4/BATF3/MERTK/PRDM1/BLNK/LFNG/EGR3/INPP5D/IL31RA/PLCG2/TNFSF9/BATF2/IL4I1/CHD7	34
GO:0007178	transmembrane receptor protein serine/threonine kinase signaling pathway	32/686	288/12179	0.000180512393142548	0.00596246320118538	0.00466116616786708	INHBB/FSTL3/CCN3/FST/GDF15/TGFBR2/FBN2/CITED2/ING2/BMPER/CDKN2B/CILP/CRIM1/SAP30/ITGA8/JUN/GDF7/TGFB2/THBS1/RASL11B/FGF10/TNFAIP6/CCN1/FSTL5/PMEPA1/CHRDL2/GDF5/SFRP4/SFRP2/MSTN/ACVR1C/TMEM100	32
GO:0006941	striated muscle contraction	17/686	113/12179	0.000186548327152051	0.00611479783809853	0.00478025404007947	CACNB2/PDE5A/ABCC9/SGCD/ATP2A2/CLIC2/ADRA1B/FGF13/NEDD4L/SCN1B/KCNE3/STC1/NR4A1/CACNA1G/KCND3/ADORA1/PKP2	17
GO:0043500	muscle adaptation	13/686	73/12179	0.000192384612795849	0.00617705064580481	0.00482892028276213	KLF15/FOXO1/LMCD1/PDE5A/NR4A3/FOXO3/CFLAR/ATP2A2/AGT/PI16/MYOZ2/HMOX1/MSTN	13
GO:0019233	sensory perception of pain	10/686	46/12179	0.000193264112917279	0.00617705064580481	0.00482892028276213	CXCL12/CCN3/TRPA1/P2RX7/LXN/KCND2/ADORA1/GRIN2A/TMEM100/HTR2A	10
GO:0048644	muscle organ morphogenesis	10/686	46/12179	0.000193264112917279	0.00617705064580481	0.00482892028276213	ADARB1/WNT2/COL11A1/LIF/S1PR1/TGFB2/NRG1/FGFR2/PKP2/CHD7	10
GO:0045779	negative regulation of bone resorption	5/686	11/12179	0.000194201638841092	0.00617705064580481	0.00482892028276213	TMEM119/P2RX7/UBASH3B/TNFRSF11B/INPP5D	5
GO:0002688	regulation of leukocyte chemotaxis	14/686	83/12179	0.000200783961460053	0.00629670373745932	0.00492245929908508	DUSP1/CXCL12/CCN3/DAPK2/NEDD9/VEGFA/THBS1/IL34/TNFAIP6/IL12A/CYP19A1/MSTN/CCL7/CCR1	14
GO:0021545	cranial nerve development	9/686	38/12179	0.000201736375863445	0.00629670373745932	0.00492245929908508	ADARB1/PLXNA4/CITED2/EPHB2/SLITRK6/MAFB/EGR2/KCNA3/CHD7	9
GO:0090092	regulation of transmembrane receptor protein serine/threonine kinase signaling pathway	25/686	204/12179	0.000202362625936047	0.00629670373745932	0.00492245929908508	FSTL3/CCN3/FST/TGFBR2/FBN2/CITED2/ING2/BMPER/CDKN2B/CILP/CRIM1/SAP30/ITGA8/GDF7/THBS1/RASL11B/FGF10/TNFAIP6/CCN1/FSTL5/PMEPA1/CHRDL2/GDF5/SFRP4/SFRP2	25
GO:0046879	hormone secretion	24/686	193/12179	0.000215784402529793	0.00665169439248133	0.0051999738723857	CCKAR/SOX4/INHBB/RAB11FIP1/CCN3/FOXO1/IRS2/C1QTNF1/ABAT/LIF/PRKCE/LEP/GPR68/AGT/ADCY8/ADRA2A/TRPV6/PER2/ADORA1/CYP19A1/RAPGEF4/EPHA5/ACVR1C/CHD7	24
GO:0043068	positive regulation of programmed cell death	42/686	421/12179	0.000216869402642614	0.00665169439248133	0.0051999738723857	SOX4/INHBB/TSC22D1/ZBTB16/FOXO1/ATF3/CTSC/DAPK2/FOXO3/CFLAR/LEP/ALDH1A3/ATP2A2/GADD45B/RHOB/RASSF2/P2RX7/MIAT/JUN/STK17B/TGFB2/THBS1/AGT/G0S2/CCN1/FRZB/NR4A1/IL12A/H19/CAMK2A/SFRP4/RGCC/SFRP2/SEPTIN4/HMOX1/INPP5D/CSRNP3/PTGS2/GRIN2A/ACVR1C/GADD45G/HTR2A	42
GO:0050680	negative regulation of epithelial cell proliferation	16/686	104/12179	0.000219780579044215	0.00669317593202737	0.00523240213939531	KLF9/DUSP10/CDKN2B/ROBO1/LIMS2/SOX9/TGFB2/THBS1/MTSS1/COL4A3/GDF5/IL12A/FGFR2/RGCC/SFRP2/XDH	16
GO:0043065	positive regulation of apoptotic process	41/686	409/12179	0.000232247634336877	0.00702303761860952	0.00549027209711121	SOX4/INHBB/ZBTB16/FOXO1/ATF3/CTSC/DAPK2/FOXO3/CFLAR/LEP/ALDH1A3/ATP2A2/GADD45B/RHOB/RASSF2/P2RX7/MIAT/JUN/STK17B/TGFB2/THBS1/AGT/G0S2/CCN1/FRZB/NR4A1/IL12A/H19/CAMK2A/SFRP4/RGCC/SFRP2/SEPTIN4/HMOX1/INPP5D/CSRNP3/PTGS2/GRIN2A/ACVR1C/GADD45G/HTR2A	41
GO:0010631	epithelial cell migration	29/686	255/12179	0.000241169467589739	0.00717270187321536	0.00560727239322526	CCN3/AMOT/IRS2/DAAM2/TGFBR2/PIK3R3/PRKCE/DUSP10/RHOJ/PLK2/BMPER/GLUL/ROBO1/RHOB/SOX9/KANK1/ENPP2/VEGFA/TGFB2/THBS1/FGF10/AGT/STC1/NR4A1/RGCC/EGR3/HMOX1/PTGS2/PLCG2	29
GO:0090132	epithelium migration	29/686	255/12179	0.000241169467589739	0.00717270187321536	0.00560727239322526	CCN3/AMOT/IRS2/DAAM2/TGFBR2/PIK3R3/PRKCE/DUSP10/RHOJ/PLK2/BMPER/GLUL/ROBO1/RHOB/SOX9/KANK1/ENPP2/VEGFA/TGFB2/THBS1/FGF10/AGT/STC1/NR4A1/RGCC/EGR3/HMOX1/PTGS2/PLCG2	29
GO:0050808	synapse organization	36/686	344/12179	0.000242208144298143	0.00717270187321536	0.00560727239322526	SPARCL1/CACNB2/SORT1/PLXNA4/PDLIM5/EPHB2/COL4A1/OXTR/FLRT3/APBB2/WASF3/TUBA1A/RPS6KA5/NEDD9/NEGR1/EPHB3/TUBB/GDNF/CDH6/SLC7A11/FGF13/LRRTM2/RHOB/CTTNBP2/SLITRK6/FZD5/CDH10/RAC3/SPTBN4/DRP2/PAK3/EPHA4/PCDHGC5/LRRN1/LRRC4/ASIC2	36
GO:0051962	positive regulation of nervous system development	25/686	207/12179	0.000254287862160223	0.00747884986380819	0.00584660412710129	CXCL12/WNT2/PLXNA4/CRABP2/EPHB2/OXTR/FLRT3/LIF/RND2/EPHB3/ROBO1/LRRTM2/SLITRK6/TENM4/VEGFA/CDON/IL34/HAPLN3/EGR2/CDH4/EPHA4/NGF/LRRN1/SLC7A5/ASIC2	25
GO:1902042	negative regulation of extrinsic apoptotic signaling pathway via death domain receptors	7/686	24/12179	0.000259721718089831	0.00758670107127711	0.00593091699955941	ARHGEF2/CFLAR/FAIM2/HMGB2/BRCA1/SFRP2/HMOX1	7
GO:0090287	regulation of cellular response to growth factor stimulus	28/686	244/12179	0.000264358303023664	0.00766996319718659	0.00599600731395779	FSTL3/FST/FBN2/CITED2/CFLAR/ING2/BMPER/CDKN2B/ROBO1/CILP/CRIM1/SAP30/ITGA8/VEGFA/THBS1/RASL11B/FGF10/AGT/TNFAIP6/CCN1/FSTL5/PMEPA1/CHRDL2/GDF5/IL12A/SFRP4/SFRP2/XDH	28
GO:0050804	modulation of chemical synaptic transmission	34/686	320/12179	0.000269734101358126	0.00777341094786437	0.00607687777627031	DNM1/LAMA2/FAM107A/SLC6A6/SLC6A9/EPHB2/OXTR/ADCY1/PRKCE/PLK2/ATP2A2/SLC7A11/LRRTM2/SLC38A2/MCTP1/GRIK4/PLPPR4/ADCY8/EGR2/CAMK2A/ADRA2A/GRIK1/SORCS2/SNCAIP/EPHA4/KCNQ3/ADORA1/NGF/PTGS2/LGI1/GRIN2A/LRRC4/BEGAIN/HTR2A	34
GO:0048839	inner ear development	17/686	117/12179	0.000285836664947898	0.0081315832881315	0.00635687963764649	COL11A1/TBX18/CEBPD/EPHB2/ALDH1A3/BMPER/SOX9/SLITRK6/ITGA8/TGFB2/FGF10/MAFB/PLPPR4/FRZB/FGFR2/EPHA4/CHD7	17
GO:0099177	regulation of trans-synaptic signaling	34/686	321/12179	0.000285949947952458	0.0081315832881315	0.00635687963764649	DNM1/LAMA2/FAM107A/SLC6A6/SLC6A9/EPHB2/OXTR/ADCY1/PRKCE/PLK2/ATP2A2/SLC7A11/LRRTM2/SLC38A2/MCTP1/GRIK4/PLPPR4/ADCY8/EGR2/CAMK2A/ADRA2A/GRIK1/SORCS2/SNCAIP/EPHA4/KCNQ3/ADORA1/NGF/PTGS2/LGI1/GRIN2A/LRRC4/BEGAIN/HTR2A	34
GO:0044703	multi-organism reproductive process	19/686	139/12179	0.00028831906464227	0.00813524548206459	0.00635974256423993	IGFBP2/CBS/CITED2/OXTR/CORIN/LIF/MAFF/LEP/SLC38A2/VEGFA/STC1/PSG1/PRDM1/ADRA2A/RXFP1/HSD11B2/PTGS2/ACVR1C/TPPP3	19
GO:0048771	tissue remodeling	18/686	128/12179	0.000289867852528151	0.00813524548206459	0.00635974256423993	CBS/TMEM119/LIF/LEP/S1PR1/RASSF2/P2RX7/LGR4/FGF10/AGT/UBASH3B/TNFRSF11B/GDF5/PDK4/ACP5/INPP5D/SIGLEC15/CHD7	18
GO:0007517	muscle organ development	28/686	246/12179	0.000302701972636077	0.00841898688994406	0.00658155791239467	ADARB1/WNT2/COL11A1/LAMA2/ITGA11/ATF3/CITED2/KLF5/SGCD/CFLAR/LIF/MAFF/S1PR1/TAGLN/SAP30/TGFB2/CDON/NR4A1/NRG1/EGR2/FGFR2/MYOZ2/EGR3/HLF/MSTN/PKP2/RCAN1/CHD7	28
GO:0050982	detection of mechanical stimulus	8/686	32/12179	0.000305772468904033	0.00841898688994406	0.00658155791239467	CXCL12/COL11A1/PIEZO2/TRPA1/PKD1L2/TMC2/ASIC2/HTR2A	8
GO:1902041	regulation of extrinsic apoptotic signaling pathway via death domain receptors	9/686	40/12179	0.000305859793859169	0.00841898688994406	0.00658155791239467	ATF3/ARHGEF2/CFLAR/FAIM2/HMGB2/BRCA1/THBS1/SFRP2/HMOX1	9
GO:0007263	nitric oxide mediated signal transduction	6/686	18/12179	0.000323377773741609	0.00884448509838515	0.00691419189045921	PDE5A/CBS/DDAH1/VEGFA/THBS1/AGT	6
GO:0060485	mesenchyme development	27/686	235/12179	0.000331701884053377	0.00894488989896977	0.00699268352114691	PDPN/SOX4/WNT2/COL1A1/TGFBR2/CITED2/ACTA2/SLC39A10/SEMA3A/GDNF/ROBO1/SOX9/AXIN2/TGFB2/SEMA6D/FGF10/AGT/FRZB/NRG1/FGFR2/ADAMTS5/ACTG2/FAM83D/RGCC/SFRP2/EPHA4/TMEM100	27
GO:0030278	regulation of ossification	14/686	87/12179	0.000333433914473415	0.00894488989896977	0.00699268352114691	ZBTB16/GPM6B/FBN2/TMEM119/TENT5A/DHRS3/PKDCC/S1PR1/P2RX7/SOX9/CCN1/EGR2/ENPP1/CCR1	14
GO:0035914	skeletal muscle cell differentiation	10/686	49/12179	0.000334379708142126	0.00894488989896977	0.00699268352114691	ATF3/CITED2/KLF5/MAFF/SAP30/CDON/NR4A1/EGR2/HLF/MSTN	10
GO:0030500	regulation of bone mineralization	11/686	58/12179	0.000335381293370781	0.00894488989896977	0.00699268352114691	GPM6B/FBN2/TMEM119/TENT5A/PKDCC/S1PR1/P2RX7/SOX9/CCN1/ENPP1/CCR1	11
GO:0021952	central nervous system projection neuron axonogenesis	7/686	25/12179	0.000343358075696515	0.00899011937220022	0.00702804174195242	ADARB1/PLXNA4/EPHB2/EPHB3/SCN1B/SPTBN4/EPHA4	7
GO:0048483	autonomic nervous system development	7/686	25/12179	0.000343358075696515	0.00899011937220022	0.00702804174195242	VCAM1/SOX4/ADARB1/PLXNA4/SEMA3A/GDNF/EGR2	7
GO:0051955	regulation of amino acid transport	7/686	25/12179	0.000343358075696515	0.00899011937220022	0.00702804174195242	ABAT/LEP/SLC38A2/P2RX7/PER2/ADORA1/SLC7A5	7
GO:0010035	response to inorganic substance	38/686	377/12179	0.000349857018092688	0.00910476385266669	0.00711766526760818	MT2A/VCAM1/INHBB/COL1A1/IMPA2/FOXO1/MT1E/ADCY1/ABAT/AQP3/TUBA1A/CFLAR/MT1X/TRPA1/RHOB/SLC38A2/P2RX7/FIBIN/RASGRP2/MT1M/GCH1/JUN/THBS1/TNFRSF11B/ADCY8/CACNA1G/H19/TRPV6/HMOX1/KCNQ3/ADORA1/FABP4/HBA1/PTGS2/PLCG2/ENPP1/MAOB/HBA2	38
GO:0003007	heart morphogenesis	23/686	188/12179	0.000367857899169951	0.00949996459924758	0.00742661415120254	ADAMTS1/SOX4/WNT2/COL11A1/TGFBR2/CITED2/ABCC9/DHRS3/S1PR1/ROBO1/MICAL2/SOX9/AXIN2/VEGFA/TGFB2/CCN1/NRG1/FGFR2/ADAMTS5/SFRP2/TMEM100/PKP2/CHD7	23
GO:0050867	positive regulation of cell activation	28/686	249/12179	0.000369467649761142	0.00949996459924758	0.00742661415120254	VCAM1/SOX4/ZBTB16/IRS2/TGFBR2/IGFBP2/NR4A3/TSLP/CTSC/EPHB2/FOXO3/PLA2G4A/ACTA2/SMARCD2/SLC39A10/LEP/DUSP10/MAP3K8/SOCS1/TNFSF13B/THBS1/FGF10/IL12A/EGR3/INPP5D/TNFSF9/ICOSLG/IL4I1	28
GO:2000027	regulation of animal organ morphogenesis	14/686	88/12179	0.000376420483542092	0.00962112831148657	0.00752133409784293	WNT2/CITED2/NKD1/GDNF/ROBO1/SOX9/LGR4/VEGFA/FGF10/AGT/RSPO2/TNFRSF11B/SFRP2/APCDD1	14
GO:0001501	skeletal system development	39/686	392/12179	0.000381749574874119	0.00964126239207128	0.00753707395100025	COL11A1/COL1A1/CCN3/FST/ZBTB16/TGFBR2/CBS/FBN2/CITED2/TMEM119/DHRS3/TRIM45/LEP/PKDCC/PRKG2/CCN2/RASSF2/P2RX7/LRRC17/SOX9/AXIN2/GPR68/TGFB2/RSPO2/TNFRSF11B/CCN1/FRZB/COL27A1/STC1/CHRDL2/GDF5/HAPLN3/SFRP4/FGFR2/SFRP2/ACP5/SIGLEC15/SP5/CHD7	39
GO:0032924	activin receptor signaling pathway	8/686	33/12179	0.000383944077560361	0.00964126239207128	0.00753707395100025	INHBB/FSTL3/FST/TGFBR2/CITED2/GDF7/FGF10/ACVR1C	8
GO:0042572	retinol metabolic process	8/686	33/12179	0.000383944077560361	0.00964126239207128	0.00753707395100025	PNPLA2/DHRS3/ALDH1A3/HSD17B6/ADH1B/ADH1A/ADH1C/PLB1	8
GO:0098739	import across plasma membrane	17/686	120/12179	0.000387758115319253	0.00968042643709808	0.00756769051256485	STEAP2/SLC6A6/SLC6A9/ACSL1/IRS2/SCN7A/ABCC9/SLC39A10/SLC5A6/SLC7A11/SLC38A2/THBS1/CACNA1G/TRPV6/PER2/RAMP3/SLC7A5	17
GO:0001894	tissue homeostasis	22/686	177/12179	0.000392481686341885	0.00968164936635851	0.00756864653968016	TJP2/LAMA2/TMEM119/APBB2/TUBA1A/LDB2/S1PR1/CCN2/P2RX7/SOX9/VEGFA/UBASH3B/RAC3/TNFRSF11B/CRACD/CUBN/PDK4/ACP5/INPP5D/PTGS2/ABCA4/SIGLEC15	22
GO:0060249	anatomical structure homeostasis	22/686	177/12179	0.000392481686341885	0.00968164936635851	0.00756864653968016	TJP2/LAMA2/TMEM119/APBB2/TUBA1A/LDB2/S1PR1/CCN2/P2RX7/SOX9/VEGFA/UBASH3B/RAC3/TNFRSF11B/CRACD/CUBN/PDK4/ACP5/INPP5D/PTGS2/ABCA4/SIGLEC15	22
GO:0070371	ERK1 and ERK2 cascade	25/686	213/12179	0.000394571178181821	0.00968164936635851	0.00756864653968016	ATF3/EPHB2/NEK10/OXTR/CFLAR/LIF/ACTA2/DUSP10/BMPER/DUSP5/CCN2/SOX9/FGF10/CCN1/NRG1/LMO3/CCL8/FGFR2/FAM83D/EPHA4/RAMP3/CCL7/PSCA/HTR2A/CCR1	25
GO:0010720	positive regulation of cell development	33/686	314/12179	0.000402658114993281	0.00982394287375652	0.00767988474110988	CXCL12/SOX4/WNT2/PLXNA4/ZBTB16/PDE5A/TGFBR2/CRABP2/EPHB2/FOXO3/LIF/NEDD9/SMARCD2/RND2/DUSP10/ROBO1/SOCS1/GPR68/TENM4/VEGFA/CDON/IL34/HAPLN3/EGR2/EGR3/CDH4/EPHA4/INPP5D/NGF/SLC7A5/TNFSF9/IL4I1/CCR1	33
GO:0007626	locomotory behavior	18/686	132/12179	0.000425241583585206	0.0103163127678807	0.00806479577789606	CXCL12/ABAT/TUBA1A/PPP1R1B/GPR37/PRKCE/NEGR1/ALDH1A3/GDNF/SLITRK6/CHL1/SPTBN4/ADCY8/RASD2/EPHA4/KCND2/RCAN1/CHD7	18
GO:0002685	regulation of leukocyte migration	20/686	155/12179	0.000436823459901557	0.0105377524540297	0.00823790664474314	DUSP1/CXCL12/CCN3/DAPK2/PIK3R1/NEDD9/APOD/BDKRB1/VEGFA/THBS1/IL34/RAC3/TNFAIP6/IL12A/HMOX1/ADORA1/CYP19A1/MSTN/CCL7/CCR1	20
GO:0060351	cartilage development involved in endochondral bone morphogenesis	7/686	26/12179	0.000447257940105105	0.0106789648117745	0.00834829965551664	COL1A1/TGFBR2/CBS/SOX9/AXIN2/COL27A1/STC1	7
GO:0045596	negative regulation of cell differentiation	44/686	463/12179	0.000447871008038981	0.0106789648117745	0.00834829965551664	SORT1/SOX4/FSTL3/TSC22D1/CCN3/FST/ZBTB16/FOXO1/DAAM2/EPHB2/TMEM119/PIK3R1/DUSP10/SEMA3A/CDKN2B/TENT5C/FGF13/ULK2/LRRC17/SOX9/CRIM1/SOCS1/TRIB3/AXIN2/GPR68/VEGFA/TGFB2/SEMA6D/FGF10/UBASH3B/TNFAIP6/MAFB/TNFRSF11B/FRZB/GDF5/LBH/PI16/SFRP2/EPHA4/INPP5D/MSTN/XDH/ENPP1/PKP2	44
GO:0060537	muscle tissue development	32/686	303/12179	0.000450138013724078	0.0106789648117745	0.00834829965551664	WNT2/COL11A1/TBX18/PDLIM5/ATF3/CITED2/KLF5/SGCD/CFLAR/MAFF/S1PR1/SOX9/SAP30/ITGA8/TENM4/VEGFA/TGFB2/CDON/ALPK3/NR4A1/NRG1/EGR2/PI16/CACNA1G/FGFR2/MYOZ2/HLF/MSTN/PKP2/RCAN1/NEBL/CHD7	32
GO:0044706	multi-multicellular organism process	19/686	144/12179	0.000454272956838758	0.0107178465750859	0.0083786955428502	IGFBP2/CBS/CITED2/OXTR/CORIN/LIF/MAFF/LEP/SLC38A2/VEGFA/STC1/PSG1/PRDM1/ADRA2A/RXFP1/HSD11B2/PTGS2/ACVR1C/TPPP3	19
GO:0050878	regulation of body fluid levels	27/686	240/12179	0.000463958628489732	0.0108865483646716	0.0085105784656529	PDPN/C1QTNF1/HPS5/RAP2B/EPHB2/OXTR/AQP3/PLA2G4A/PRKCE/SLC7A11/CORO2B/TSPAN8/VEGFA/THBS1/FGF10/UBASH3B/MERTK/ADRA2A/HPSE/NFE2/BTC/ADORA1/HSD11B2/PLCG2/DGKB/TSPAN32/XDH	27
GO:0002042	cell migration involved in sprouting angiogenesis	10/686	51/12179	0.00046960420530823	0.010959132921704	0.00856732157167017	PIK3R3/RHOJ/PLK2/ROBO1/VEGFA/THBS1/NR4A1/EGR3/HMOX1/PTGS2	10
GO:0050920	regulation of chemotaxis	20/686	156/12179	0.000475288815317803	0.0109674607730639	0.00857383188422054	DUSP1/CXCL12/PLXNA4/CCN3/DAPK2/NEDD9/S1PR1/SEMA3A/ROBO1/VEGFA/THBS1/SEMA6D/IL34/FGF10/TNFAIP6/IL12A/CYP19A1/MSTN/CCL7/CCR1	20
GO:0021955	central nervous system neuron axonogenesis	8/686	34/12179	0.000477623466363054	0.0109674607730639	0.00857383188422054	ADARB1/PLXNA4/EPHB2/EPHB3/ARHGEF28/SCN1B/SPTBN4/EPHA4	8
GO:1900744	regulation of p38MAPK cascade	8/686	34/12179	0.000477623466363054	0.0109674607730639	0.00857383188422054	DUSP1/PER1/LEP/DUSP10/GADD45B/VEGFA/XDH/GADD45G	8
GO:0032355	response to estradiol	13/686	80/12179	0.000488972415612983	0.0110644857973276	0.00864968136878333	COL1A1/IGFBP2/OXTR/CFLAR/NCOA3/LEP/POSTN/MMP15/FGF10/KIF18A/CYP19A1/RAMP3/PTGS2	13
GO:0038065	collagen-activated signaling pathway	5/686	13/12179	0.000492155749252347	0.0110644857973276	0.00864968136878333	COL1A1/ITGA11/COL4A1/UBASH3B/COL4A3	5
GO:0046851	negative regulation of bone remodeling	5/686	13/12179	0.000492155749252347	0.0110644857973276	0.00864968136878333	TMEM119/P2RX7/UBASH3B/TNFRSF11B/INPP5D	5
GO:0090190	positive regulation of branching involved in ureteric bud morphogenesis	5/686	13/12179	0.000492155749252347	0.0110644857973276	0.00864968136878333	GDNF/SOX9/LGR4/VEGFA/AGT	5
GO:0002696	positive regulation of leukocyte activation	27/686	242/12179	0.000528659428130695	0.0118232478353813	0.00924284493590343	VCAM1/SOX4/ZBTB16/IRS2/TGFBR2/IGFBP2/NR4A3/TSLP/CTSC/EPHB2/FOXO3/PLA2G4A/SMARCD2/SLC39A10/LEP/DUSP10/MAP3K8/SOCS1/TNFSF13B/THBS1/FGF10/IL12A/EGR3/INPP5D/TNFSF9/ICOSLG/IL4I1	27
GO:1901615	organic hydroxy compound metabolic process	39/686	399/12179	0.000541802368561846	0.0120002620554707	0.00938122611597483	MAOA/ACSS1/IMPA2/INPP5A/PRKAG2/PNPLA2/DHRS3/ABAT/PLA2G4A/GPR37/LEP/ALDH1A3/ALOX15B/PSAT1/OSBPL3/HSD17B6/SLC7A11/PRKG2/ADH1B/ADH1A/ADH1C/GCNT4/GCH1/TGFB2/PLB1/CYP24A1/CUBN/DIO2/NPC1L1/CH25H/SNCAIP/PER2/CYP19A1/HSD11B2/GRIN2A/SCARF1/PLCG2/APOB/MAOB	39
GO:0060415	muscle tissue morphogenesis	9/686	43/12179	0.000542163679264397	0.0120002620554707	0.00938122611597483	ADARB1/WNT2/COL11A1/S1PR1/TGFB2/NRG1/FGFR2/PKP2/CHD7	9
GO:0050886	endocrine process	10/686	52/12179	0.000552589025796548	0.0121682937270276	0.00951258517282154	INHBB/RAB11FIP1/C1QTNF1/OXTR/CORIN/LEP/AGT/TRPV6/CYP19A1/HSD11B2	10
GO:0006584	catecholamine metabolic process	8/686	35/12179	0.000589004564353743	0.0128385055803806	0.0100365244762174	MAOA/ABAT/GPR37/GCH1/TGFB2/SNCAIP/GRIN2A/MAOB	8
GO:0009712	catechol-containing compound metabolic process	8/686	35/12179	0.000589004564353743	0.0128385055803806	0.0100365244762174	MAOA/ABAT/GPR37/GCH1/TGFB2/SNCAIP/GRIN2A/MAOB	8
GO:0046942	carboxylic acid transport	25/686	219/12179	0.000598839810628713	0.0129869603375742	0.0101525792455873	SLC6A6/SLC6A9/ACSL1/SLC7A14/IRS2/CRABP2/ABAT/PLA2G4A/LEP/SLC16A12/SLC5A6/SLC7A6/SLC7A11/SLC38A2/P2RX7/BDKRB2/THBS1/SLC51B/PER2/ADORA1/FABP4/PTGS2/SLC7A5/FOLR3/RBP1	25
GO:0006721	terpenoid metabolic process	11/686	62/12179	0.000609975653823447	0.013158376666902	0.0102865842646411	CRABP2/PNPLA2/DHRS3/ALDH1A3/HSD17B6/ADH1B/ADH1A/ADH1C/PLB1/ABCA4/RBP1	11
GO:0021602	cranial nerve morphogenesis	6/686	20/12179	0.000612872690586958	0.013158376666902	0.0102865842646411	ADARB1/PLXNA4/CITED2/EPHB2/MAFB/EGR2	6
GO:0009581	detection of external stimulus	12/686	72/12179	0.000630682369101746	0.0134066836283312	0.0104806986715241	CXCL12/COL11A1/PIEZO2/TRPA1/LXN/PKD1L2/GUCY2D/TMC2/ADORA1/ABCA4/ASIC2/HTR2A	12
GO:0009582	detection of abiotic stimulus	12/686	72/12179	0.000630682369101746	0.0134066836283312	0.0104806986715241	CXCL12/COL11A1/PIEZO2/TRPA1/LXN/PKD1L2/GUCY2D/TMC2/ADORA1/ABCA4/ASIC2/HTR2A	12
GO:0015849	organic acid transport	25/686	220/12179	0.000640639505365739	0.0135512612612832	0.0105937224921511	SLC6A6/SLC6A9/ACSL1/SLC7A14/IRS2/CRABP2/ABAT/PLA2G4A/LEP/SLC16A12/SLC5A6/SLC7A6/SLC7A11/SLC38A2/P2RX7/BDKRB2/THBS1/SLC51B/PER2/ADORA1/FABP4/PTGS2/SLC7A5/FOLR3/RBP1	25
GO:0003208	cardiac ventricle morphogenesis	9/686	44/12179	0.000648076866870733	0.0136413826781516	0.0106641750694054	SOX4/COL11A1/TGFBR2/TGFB2/NRG1/FGFR2/SFRP2/PKP2/CHD7	9
GO:0001508	action potential	14/686	93/12179	0.000669432462541802	0.0139540922046335	0.0109086362955841	CACNB2/TBX18/USP53/ABCC9/ATP2A2/FGF13/NEDD4L/SCN1B/KCNE3/CACNA1G/KCND3/KCNQ3/KCND2/PKP2	14
GO:0030534	adult behavior	14/686	93/12179	0.000669432462541802	0.0139540922046335	0.0109086362955841	CXCL12/ABAT/TUBA1A/PPP1R1B/LEP/GDNF/SLC7A11/SLITRK6/CHL1/SPTBN4/NRXN3/EPHA4/HTR2A/CHD7	14
GO:0002791	regulation of peptide secretion	17/686	126/12179	0.000688470458075359	0.0142289394488343	0.0111234986155303	SOX4/INHBB/CCN3/FOXO1/IRS2/ABAT/PRKCE/LEP/GPR68/ADCY8/ADRA2A/PER2/ADORA1/RAPGEF4/EPHA5/ACVR1C/CHD7	17
GO:0001936	regulation of endothelial cell proliferation	15/686	104/12179	0.000692558999722024	0.0142289394488343	0.0111234986155303	CXCL12/LEP/HMGB2/VEGFA/THBS1/FGF10/VASH2/COL4A3/NR4A1/IL12A/ANG/RGCC/EGR3/HMOX1/XDH	15
GO:0006937	regulation of muscle contraction	15/686	104/12179	0.000692558999722024	0.0142289394488343	0.0111234986155303	PDE5A/OXTR/ABAT/ATP2A2/CLIC2/ADRA1B/FGF13/STC1/NR4A1/ADRA2A/ARHGAP42/ADORA1/PTGS2/PKP2/KCNB2	15
GO:0002027	regulation of heart rate	11/686	63/12179	0.000702155627277573	0.0143574107787138	0.0112239313052039	CACNB2/ATP2A2/ADRA1B/ADM2/GCH1/SCN1B/SPTBN4/KCNE3/CACNA1G/KCND3/PKP2	11
GO:0051216	cartilage development	20/686	161/12179	0.000714975745166548	0.0143849978899362	0.0112454975782626	COL11A1/COL1A1/CCN3/ZBTB16/TGFBR2/CBS/LEP/PKDCC/PRKG2/CCN2/SOX9/AXIN2/RSPO2/CCN1/FRZB/COL27A1/STC1/CHRDL2/GDF5/SFRP2	20
GO:0008625	extrinsic apoptotic signaling pathway via death domain receptors	12/686	73/12179	0.000716904878538974	0.0143849978899362	0.0112454975782626	SORT1/ATF3/ARHGEF2/CFLAR/PIK3R1/FAIM2/HMGB2/BRCA1/THBS1/SFRP2/HMOX1/NGF	12
GO:0042303	molting cycle	12/686	73/12179	0.000716904878538974	0.0143849978899362	0.0112454975782626	PER1/FST/LDB2/SOX9/LGR4/TGFB2/FGF10/EDA/FGFR2/HPSE/PTGS2/APCDD1	12
GO:0042633	hair cycle	12/686	73/12179	0.000716904878538974	0.0143849978899362	0.0112454975782626	PER1/FST/LDB2/SOX9/LGR4/TGFB2/FGF10/EDA/FGFR2/HPSE/PTGS2/APCDD1	12
GO:0055008	cardiac muscle tissue morphogenesis	8/686	36/12179	0.000720457922963056	0.0143890526567598	0.0112486673994085	WNT2/COL11A1/S1PR1/TGFB2/NRG1/FGFR2/PKP2/CHD7	8
GO:1903115	regulation of actin filament-based movement	7/686	28/12179	0.000729578581180292	0.0144508116469549	0.0112969475993771	PDPN/ACTA2/ATP2A2/FGF13/STC1/ADORA1/PKP2	7
GO:0050996	positive regulation of lipid catabolic process	5/686	14/12179	0.000730280886676573	0.0144508116469549	0.0112969475993771	IRS2/PNPLA2/PRKCE/ABHD5/ADORA1	5
GO:0090087	regulation of peptide transport	17/686	127/12179	0.000754290998467179	0.0148502880418801	0.0116092389786374	SOX4/INHBB/CCN3/FOXO1/IRS2/ABAT/PRKCE/LEP/GPR68/ADCY8/ADRA2A/PER2/ADORA1/RAPGEF4/EPHA5/ACVR1C/CHD7	17
GO:0001667	ameboidal-type cell migration	35/686	352/12179	0.000757385440421925	0.0148502880418801	0.0116092389786374	CCN3/AMOT/IRS2/DAAM2/TGFBR2/PIK3R3/ACTA2/PRKCE/DUSP10/SEMA3A/RHOJ/PLK2/BMPER/GLUL/GDNF/ROBO1/RHOB/SOX9/KANK1/ENPP2/PRR5L/VEGFA/TGFB2/THBS1/SEMA6D/FGF10/AGT/STC1/NR4A1/RGCC/EGR3/HMOX1/PTGS2/PLCG2/ACVR1C	35
GO:0045137	development of primary sexual characteristics	20/686	162/12179	0.000773767579663547	0.0151025363048876	0.0118064345050098	ADAMTS1/PTX3/INHBB/LHFPL2/FST/CITED2/RHOBTB3/LEP/ING2/SOX9/HMGB2/VEGFA/TGFB2/TNFAIP6/DMC1/ANG/LFNG/SFRP2/KIF18A/CYP19A1	20
GO:0042476	odontogenesis	13/686	84/12179	0.000789586456320702	0.0152733319652309	0.0119399543149858	COL1A1/FST/TMT1A/AQP3/FAM20A/AXIN2/TGFB2/FGF10/RSPO2/EDA/TNFRSF11B/FGFR2/APCDD1	13
GO:0032870	cellular response to hormone stimulus	42/686	448/12179	0.000789631973982595	0.0152733319652309	0.0119399543149858	PER1/CCKAR/INHBB/FAM107A/GDF15/FOXO1/ACSL1/IRS2/KLF9/IGFBP2/NR4A3/OXTR/AGTRAP/GCLM/CFLAR/PIK3R1/PIK3R3/NCOA3/PRKCE/LEP/KANK1/BRCA1/SOCS1/TRIB3/AXIN2/GNG2/AGT/SORBS1/ADCY8/STC1/PMEPA1/NR4A1/LBH/GPR150/CAMK2A/LMO3/ADRA2A/PDK4/RXFP1/RAMP3/MSTN/ENPP1	42
GO:0030595	leukocyte chemotaxis	18/686	139/12179	0.000795350336572949	0.0153149522208262	0.0119724910235126	DUSP1/CXCL12/CCN3/DAPK2/NEDD9/S1PR1/VEGFA/TGFB2/THBS1/IL34/TNFAIP6/IL12A/CCL8/CH25H/CYP19A1/MSTN/CCL7/CCR1	18
GO:0043271	negative regulation of monoatomic ion transport	12/686	74/12179	0.000812772814107717	0.0155805645704399	0.012180133948259	SLC6A9/EPHB2/PRKCE/CLIC2/PRKG2/NEDD4L/KCNE3/STC1/ADRA2A/PTGS2/MAOB/HTR2A	12
GO:0014850	response to muscle activity	6/686	21/12179	0.000817539242592035	0.0156022822564009	0.012197111787724	POSTN/SLC38A2/AGT/MSTN/SLC7A5/FNDC5	6
GO:0040008	regulation of growth	43/686	463/12179	0.000831137500917248	0.0157916125174277	0.0123451210546116	MT2A/CXCL12/WNT2/PLXNA4/FAM107A/CCN3/GDF15/MT1E/JADE1/CRABP2/CITED2/NKD1/WFDC1/RND2/LEP/ALOX15B/DUSP10/SEMA3A/FGF13/MT1X/ULK2/KAZALD1/RASGRP2/MT1M/BRCA1/NEDD4L/BDKRB1/VEGFA/TGFB2/SEMA6D/AGT/SPTBN4/FRZB/GDF5/PI16/FGFR2/SFRP2/CDH4/NGF/MSTN/LGI1/ENPP1/CHD7	43
GO:0055074	calcium ion homeostasis	24/686	212/12179	0.000860454337737136	0.0162766120098822	0.0127242702668385	CACNB2/CXCL12/TRPC6/SGCD/PRKCE/FAM20A/ATP2A2/CLIC2/TRPA1/P2RX7/BDKRB1/UBASH3B/ADCY8/STC1/SYPL2/CCL8/TRPV6/ADORA1/SLC24A3/CCL7/PLCG2/HTR2A/CCR1/CHD7	24
GO:0002686	negative regulation of leukocyte migration	8/686	37/12179	0.000874530112226089	0.0163983943314359	0.0128194738124063	DUSP1/CXCL12/CCN3/APOD/TNFAIP6/HMOX1/ADORA1/CYP19A1	8
GO:0051965	positive regulation of synapse assembly	8/686	37/12179	0.000874530112226089	0.0163983943314359	0.0128194738124063	EPHB2/OXTR/FLRT3/EPHB3/LRRTM2/SLITRK6/LRRN1/ASIC2	8
GO:0043270	positive regulation of monoatomic ion transport	17/686	129/12179	0.000902195178554259	0.0168435917248347	0.0131675076632015	CACNB2/CXCL12/TRPC6/EPHB2/LEP/FGF13/P2RX7/BDKRB1/SCN1B/STC1/CAMK2A/ADRA2A/MCHR1/ADORA1/RAMP3/PKP2/CCR1	17
GO:0046888	negative regulation of hormone secretion	9/686	46/12179	0.00091066562272807	0.0169281306666421	0.0132335961306895	INHBB/RAB11FIP1/CCN3/FOXO1/LIF/LEP/ADRA2A/ADORA1/ACVR1C	9
GO:0140353	lipid export from cell	7/686	29/12179	0.000915584108937535	0.0169461989818008	0.0132477210680662	C1QTNF1/PLA2G4A/LEP/P2RX7/AGT/CYP19A1/PTGS2	7
GO:0007584	response to nutrient	15/686	107/12179	0.000936313583783619	0.0171817543964396	0.0134318669306611	VCAM1/COL1A1/ACSL1/IGFBP2/CBS/GCLM/AQP3/LEP/CDKN2B/POSTN/TNFRSF11B/STC1/CYP24A1/SFRP2/PTGS2	15
GO:0045598	regulation of fat cell differentiation	15/686	107/12179	0.000936313583783619	0.0171817543964396	0.0134318669306611	SORT1/ZBTB16/FOXO1/KLF5/LEP/DUSP10/TRIB3/AXIN2/FRZB/LMO3/SFRP2/PTGS2/ENPP1/FNDC5/HTR2A	15
GO:0043549	regulation of kinase activity	42/686	453/12179	0.000984288167545472	0.0179852484742139	0.0140599998490594	DUSP1/ADARB1/ERRFI1/IRS2/PRKAG2/TGFBR2/RAP2B/EPHB2/NEK10/PIK3R1/NEDD9/WARS1/PIK3R3/LEP/LDB2/DUSP10/CDKN2B/ROBO1/PKIA/RASSF2/TRIB3/AXIN2/VEGFA/TGFB2/THBS1/IL34/AGT/UBASH3B/CCN1/ADCY8/MMD/NRG1/TNFSF15/MERTK/GPRC5B/ADRA2A/CIMAP3/FGFR2/ANG/RGCC/EPHA4/DIRAS3	42
GO:0086001	cardiac muscle cell action potential	10/686	56/12179	0.00101512856561272	0.0184701782234788	0.0144390945394244	CACNB2/TBX18/ATP2A2/FGF13/NEDD4L/SCN1B/KCNE3/CACNA1G/KCND3/PKP2	10
GO:0090189	regulation of branching involved in ureteric bud morphogenesis	5/686	15/12179	0.00104499364536558	0.018673418319582	0.0145979778445192	GDNF/SOX9/LGR4/VEGFA/AGT	5
GO:0021954	central nervous system neuron development	11/686	66/12179	0.00105064476702553	0.018673418319582	0.0145979778445192	ADARB1/PLXNA4/EPHB2/LEP/EPHB3/ARHGEF28/RAC3/SCN1B/SPTBN4/FGFR2/EPHA4	11
GO:0015844	monoamine transport	8/686	38/12179	0.00105394177525613	0.018673418319582	0.0145979778445192	CXCL12/GPM6B/OXTR/ABAT/GDNF/ADRA2A/MAOB/HTR2A	8
GO:0002683	negative regulation of immune system process	33/686	332/12179	0.00106679495549126	0.018673418319582	0.0145979778445192	DUSP1/SAMHD1/CXCL12/FSTL3/TSC22D1/CCN3/PDE5A/PIK3R1/TSC22D3/DUSP10/PLK2/APOD/LRRC17/SOX9/LGR4/GRAMD4/SOCS1/GPR68/TGFB2/THBS1/UBASH3B/TNFAIP6/MAFB/TNFRSF11B/MERTK/ACP5/HMOX1/INPP5D/ADORA1/IL31RA/CYP19A1/TSPAN32/IL4I1	33
GO:0045453	bone resorption	9/686	47/12179	0.00107109577899508	0.018673418319582	0.0145979778445192	TMEM119/S1PR1/P2RX7/UBASH3B/TNFRSF11B/PDK4/ACP5/INPP5D/SIGLEC15	9
GO:1905330	regulation of morphogenesis of an epithelium	9/686	47/12179	0.00107109577899508	0.018673418319582	0.0145979778445192	WNT2/NKD1/LIF/GDNF/SOX9/LGR4/VEGFA/FGF10/AGT	9
GO:0050433	regulation of catecholamine secretion	6/686	22/12179	0.00107113983665664	0.018673418319582	0.0145979778445192	CXCL12/OXTR/ABAT/GDNF/ADRA2A/HTR2A	6
GO:0051954	positive regulation of amine transport	6/686	22/12179	0.00107113983665664	0.018673418319582	0.0145979778445192	CXCL12/OXTR/ABAT/GDNF/P2RX7/SLC7A5	6
GO:0061098	positive regulation of protein tyrosine kinase activity	6/686	22/12179	0.00107113983665664	0.018673418319582	0.0145979778445192	NEDD9/IL34/AGT/GPRC5B/ADRA2A/EPHA4	6
GO:0001659	temperature homeostasis	17/686	131/12179	0.00107413468209985	0.018673418319582	0.0145979778445192	FOXO1/ACSL1/OXTR/ABAT/SCD/LEP/LGR4/VEGFA/G0S2/DIO2/ADAMTS5/PER2/ADORA1/FABP4/PTGS2/GADD45G/HTR2A	17
GO:0007565	female pregnancy	17/686	131/12179	0.00107413468209985	0.018673418319582	0.0145979778445192	IGFBP2/CBS/CITED2/OXTR/CORIN/LIF/LEP/SLC38A2/VEGFA/STC1/PSG1/PRDM1/ADRA2A/HSD11B2/PTGS2/ACVR1C/TPPP3	17
GO:0003231	cardiac ventricle development	13/686	87/12179	0.00110578695039976	0.0190692737550867	0.0149074385323392	SOX4/COL11A1/TGFBR2/CITED2/ROBO1/TGFB2/CCN1/NRG1/PRDM1/FGFR2/SFRP2/PKP2/CHD7	13
GO:0007613	memory	13/686	87/12179	0.00110578695039976	0.0190692737550867	0.0149074385323392	OXTR/ADCY1/TUBA1A/PLK2/FGF13/ITGA8/ADCY8/CAMK4/NGF/PTGS2/GRIN2A/RCAN1/HTR2A	13
GO:0001890	placenta development	15/686	109/12179	0.00113623589045686	0.019515987654487	0.0152566579143871	WNT2/CITED2/LIF/LEP/SPINT2/FZD5/VASH2/CCN1/STC1/PRDM1/FGFR2/ANG/E2F7/PTGS2/TPPP3	15
GO:0010038	response to metal ion	26/686	242/12179	0.0011657622714339	0.019801803944996	0.0154800953057123	MT2A/VCAM1/INHBB/IMPA2/MT1E/ADCY1/ABAT/AQP3/TUBA1A/MT1X/P2RX7/FIBIN/RASGRP2/MT1M/JUN/THBS1/TNFRSF11B/ADCY8/CACNA1G/TRPV6/HMOX1/KCNQ3/FABP4/PTGS2/PLCG2/MAOB	26
GO:0072001	renal system development	26/686	242/12179	0.0011657622714339	0.019801803944996	0.0154800953057123	ADAMTS1/KLF15/SOX4/TBX18/ZBTB16/COL4A1/COL4A4/CFLAR/LIF/ACTA2/NID1/BMPER/GDNF/SOX9/LGR4/ITGA8/GCNT4/VEGFA/TGFB2/FGF10/AGT/MTSS1/COL4A3/PRDM1/FGFR2/EPHA4	26
GO:0046545	development of primary female sexual characteristics	12/686	77/12179	0.00116671085190591	0.019801803944996	0.0154800953057123	ADAMTS1/PTX3/INHBB/LHFPL2/FST/LEP/VEGFA/TNFAIP6/DMC1/ANG/LFNG/CYP19A1	12
GO:0018958	phenol-containing compound metabolic process	11/686	67/12179	0.0011944584607875	0.0201929316166202	0.0157858600557453	MAOA/ABAT/GPR37/SLC7A11/GCNT4/GCH1/TGFB2/DIO2/SNCAIP/GRIN2A/MAOB	11
GO:0007162	negative regulation of cell adhesion	23/686	205/12179	0.00123464058020058	0.0207634457262298	0.0162318604713914	DUSP1/CXCL12/PLXNA4/COL1A1/FAM107A/PDE5A/C1QTNF1/EPHB2/MYADM/PIK3R1/POSTN/CORO2B/APOD/KANK1/SOCS1/SPINT2/VEGFA/THBS1/UBASH3B/RGCC/EPHA4/TSPAN32/IL4I1	23
GO:0050900	leukocyte migration	26/686	243/12179	0.00123787659662665	0.0207634457262298	0.0162318604713914	DUSP1/VCAM1/CXCL12/CCN3/DAPK2/PIK3R1/NEDD9/LEP/S1PR1/APOD/BDKRB1/VEGFA/TGFB2/THBS1/IL34/RAC3/TNFAIP6/IL12A/CCL8/CH25H/HMOX1/ADORA1/CYP19A1/MSTN/CCL7/CCR1	26
GO:1903706	regulation of hemopoiesis	29/686	282/12179	0.00124581566029394	0.0208153013435883	0.0162723986921048	SOX4/FSTL3/TSC22D1/ZBTB16/TGFBR2/FOXO3/LIF/PIK3R1/NEDD9/SMARCD2/DUSP10/RASSF2/LRRC17/HMGB2/SOCS1/GPR68/IL34/UBASH3B/TNFAIP6/MAFB/TNFRSF11B/CAMK4/PRDM1/EGR3/INPP5D/TNFSF9/IL4I1/SIGLEC15/CCR1	29
GO:0022600	digestive system process	9/686	48/12179	0.00125364582608778	0.020864942547368	0.016311205791081	TJP2/LEP/SOX9/EPB41/TYMP/FGF10/CRACD/ADRA2A/NPC1L1	9
GO:0007631	feeding behavior	8/686	39/12179	0.00126158435118761	0.0209159969266393	0.0163511176425006	GDF15/NR4A3/OXTR/NEGR1/LEP/GLS/ADM2/MCHR1	8
GO:0070372	regulation of ERK1 and ERK2 cascade	22/686	193/12179	0.00127020783487254	0.020977970934395	0.0163995659328281	ATF3/EPHB2/NEK10/CFLAR/LIF/ACTA2/DUSP10/BMPER/CCN2/FGF10/CCN1/NRG1/LMO3/CCL8/FGFR2/FAM83D/EPHA4/RAMP3/CCL7/PSCA/HTR2A/CCR1	22
GO:0003205	cardiac chamber development	16/686	122/12179	0.00133044718430934	0.0218886598062234	0.0171114985713349	ADAMTS1/SOX4/WNT2/COL11A1/TGFBR2/CITED2/DHRS3/ROBO1/TGFB2/CCN1/NRG1/PRDM1/FGFR2/SFRP2/PKP2/CHD7	16
GO:0009064	glutamine family amino acid metabolic process	10/686	58/12179	0.0013441767681202	0.0219412352317786	0.017152599503381	PHGDH/GCLM/PRODH/GLS/ADHFE1/GLUL/SLC7A11/CTPS1/DDAH1/GFPT2	10
GO:0061035	regulation of cartilage development	10/686	58/12179	0.0013441767681202	0.0219412352317786	0.017152599503381	ZBTB16/LEP/PKDCC/PRKG2/CCN2/SOX9/AXIN2/CCN1/FRZB/GDF5	10
GO:0014896	muscle hypertrophy	11/686	68/12179	0.00135408182031237	0.0219412352317786	0.017152599503381	KLF15/FOXO1/PDLIM5/LMCD1/PDE5A/NR4A3/LEP/ATP2A2/AGT/PI16/MSTN	11
GO:0015908	fatty acid transport	11/686	68/12179	0.00135408182031237	0.0219412352317786	0.017152599503381	ACSL1/IRS2/CRABP2/PLA2G4A/LEP/P2RX7/BDKRB2/THBS1/FABP4/PTGS2/RBP1	11
GO:0050801	monoatomic ion homeostasis	38/686	405/12179	0.00136153781447438	0.0219791104336578	0.0171822085095322	CACNB2/STEAP2/MT2A/CXCL12/MT1E/TRPC6/SCN7A/STEAP4/SGCD/CORIN/PRKCE/SLC39A10/FAM20A/ATP2A2/CLIC2/MT1X/TRPA1/P2RX7/MT1M/BDKRB1/AGT/UBASH3B/KCNE3/ADCY8/STC1/SYPL2/CCL8/TRPV6/PDK4/HMOX1/ADORA1/SLC24A3/CCL7/PLCG2/SCARA5/HTR2A/CCR1/CHD7	38
GO:0007204	positive regulation of cytosolic calcium ion concentration	13/686	89/12179	0.00137044762362522	0.0220400827559801	0.017229873730498	TRPC6/C1QTNF1/OXTR/ADRA1B/P2RX7/BDKRB2/BDKRB1/ADCY8/ACKR4/MCHR1/ACKR2/HTR2A/CCR1	13
GO:0071276	cellular response to cadmium ion	6/686	23/12179	0.00138097163725445	0.0221059302539222	0.0172813501286392	MT2A/MT1E/MT1X/MT1M/JUN/HMOX1	6
GO:0032956	regulation of actin cytoskeleton organization	28/686	271/12179	0.00139812082275359	0.0221059302539222	0.0172813501286392	CXCL12/SYNPO2/FAM107A/CDC42EP3/DAAM2/GPM6B/LMOD1/ARHGAP28/WASF3/MYADM/PIK3R1/NEDD9/PRKCE/S1PR1/CORO2B/CCN2/CARMIL1/KANK1/DNAI3/SSH2/RAC3/MTSS1/SPTBN4/CRACD/PAK3/RGCC/EPHA5/SIGLEC15	28
GO:0008544	epidermis development	23/686	207/12179	0.00140648433080367	0.0221059302539222	0.0172813501286392	ERRFI1/FST/COL7A1/CRABP2/AQP3/CFLAR/MAFF/NCOA3/LDB2/ALOX15B/ATP2A2/CCN2/SOX9/LGR4/SLITRK6/TGFB2/FGF10/EDA/MAFB/SFRP4/FGFR2/HPSE/APCDD1	23
GO:0060348	bone development	20/686	170/12179	0.00141327755138702	0.0221059302539222	0.0172813501286392	COL1A1/ZBTB16/TGFBR2/CBS/CITED2/TMEM119/DHRS3/TRIM45/LEP/LRRC17/SOX9/AXIN2/GPR68/COL27A1/STC1/SFRP4/FGFR2/ACP5/SIGLEC15/SP5	20
GO:0055082	intracellular chemical homeostasis	43/686	476/12179	0.0014398134762327	0.0221059302539222	0.0172813501286392	CACNB2/STEAP2/MT2A/KLF15/CXCL12/SOX4/FOXO1/MT1E/IRS2/TRPC6/STEAP4/GCLM/PIK3R1/PRKCE/SLC39A10/GLS/ATP2A2/CLIC2/SLC7A11/MT1X/TRPA1/P2RX7/MT1M/BDKRB1/GPR68/UBASH3B/KCNE3/ADCY8/STC1/SYPL2/ADRA2A/CCL8/HMOX1/ADORA1/SLC24A3/CCL7/PLCG2/EPHA5/ENPP1/SCARA5/HTR2A/CCR1/CHD7	43
GO:0006706	steroid catabolic process	5/686	16/12179	0.00145012128818931	0.0221059302539222	0.0172813501286392	HSD17B6/CYP24A1/CYP19A1/SCARF1/HSD11B1	5
GO:0009065	glutamine family amino acid catabolic process	5/686	16/12179	0.00145012128818931	0.0221059302539222	0.0172813501286392	PRODH/GLS/ADHFE1/GLUL/DDAH1	5
GO:0032891	negative regulation of organic acid transport	5/686	16/12179	0.00145012128818931	0.0221059302539222	0.0172813501286392	IRS2/ABAT/LEP/THBS1/ADORA1	5
GO:0034104	negative regulation of tissue remodeling	5/686	16/12179	0.00145012128818931	0.0221059302539222	0.0172813501286392	TMEM119/P2RX7/UBASH3B/TNFRSF11B/INPP5D	5
GO:0048670	regulation of collateral sprouting	5/686	16/12179	0.00145012128818931	0.0221059302539222	0.0172813501286392	CRABP2/RND2/FGF13/ULK2/NGF	5
GO:0060706	cell differentiation involved in embryonic placenta development	5/686	16/12179	0.00145012128818931	0.0221059302539222	0.0172813501286392	LIF/SPINT2/FZD5/PRDM1/E2F7	5
GO:0062149	detection of stimulus involved in sensory perception of pain	5/686	16/12179	0.00145012128818931	0.0221059302539222	0.0172813501286392	CXCL12/TRPA1/LXN/ADORA1/HTR2A	5
GO:0098801	regulation of renal system process	5/686	16/12179	0.00145012128818931	0.0221059302539222	0.0172813501286392	CORIN/CORO2B/AGT/STC1/ADORA1	5
GO:0001935	endothelial cell proliferation	16/686	123/12179	0.00145168550259875	0.0221059302539222	0.0172813501286392	CXCL12/LEP/BMPER/HMGB2/VEGFA/THBS1/FGF10/VASH2/COL4A3/NR4A1/IL12A/ANG/RGCC/EGR3/HMOX1/XDH	16
GO:0050906	detection of stimulus involved in sensory perception	9/686	49/12179	0.00146048070262555	0.0221059302539222	0.0172813501286392	CXCL12/COL11A1/PIEZO2/TRPA1/LXN/TMC2/ADORA1/ASIC2/HTR2A	9
GO:0007189	adenylate cyclase-activating G protein-coupled receptor signaling pathway	12/686	79/12179	0.00146720776021608	0.0221059302539222	0.0172813501286392	ADCY1/S1PR1/ADRA1B/ADM2/LGR4/GNG2/ADCY4/ADCY8/ADRA2A/RXFP1/RAMP3/RAPGEF4	12
GO:0042471	ear morphogenesis	12/686	79/12179	0.00146720776021608	0.0221059302539222	0.0172813501286392	COL11A1/TBX18/EPHB2/ALDH1A3/SOX9/SLITRK6/ITGA8/FGF10/MAFB/FRZB/FGFR2/CHD7	12
GO:0050671	positive regulation of lymphocyte proliferation	12/686	79/12179	0.00146720776021608	0.0221059302539222	0.0172813501286392	VCAM1/IRS2/TGFBR2/IGFBP2/EPHB2/SLC39A10/LEP/TNFSF13B/FGF10/IL12A/TNFSF9/ICOSLG	12
GO:0060070	canonical Wnt signaling pathway	26/686	246/12179	0.00147783533286037	0.02218819901854	0.0173456638810884	SOX4/WNT2/COL1A1/TBX18/FOXO1/DAAM2/IGFBP2/JADE1/FZD8/NKD1/RSPO1/NID1/SOX9/LGR4/KANK1/NKD2/AXIN2/FZD5/FGF10/RSPO2/EDA/FRZB/GPRC5B/SFRP4/FGFR2/SFRP2	26
GO:0060560	developmental growth involved in morphogenesis	21/686	183/12179	0.00149106633329175	0.0222534868570482	0.0173967027644759	CXCL12/PLXNA4/TGFBR2/CRABP2/FLRT3/NKD1/RND2/S1PR1/SEMA3A/POSTN/FGF13/ULK2/SOX9/NEDD4L/VEGFA/SEMA6D/FGF10/FGFR2/SFRP2/CDH4/NGF	21
GO:0060688	regulation of morphogenesis of a branching structure	8/686	40/12179	0.00150051549051971	0.0222534868570482	0.0173967027644759	WNT2/GDNF/SOX9/LGR4/VEGFA/FGF10/AGT/FGFR2	8
GO:0007188	adenylate cyclase-modulating G protein-coupled receptor signaling pathway	15/686	112/12179	0.00150280526265986	0.0222534868570482	0.0173967027644759	ADCY1/GPR37/S1PR1/ADRA1B/ADM2/LGR4/GNG2/ADCY4/ADCY8/ADRA2A/MCHR1/RXFP1/ADORA1/RAMP3/RAPGEF4	15
GO:0022407	regulation of cell-cell adhesion	31/686	312/12179	0.00150291364428132	0.0222534868570482	0.0173967027644759	PDPN/VCAM1/CXCL12/SOX4/FSTL3/ZBTB16/PDE5A/TGFBR2/IGFBP2/NR4A3/C1QTNF1/CITED2/FOXO3/MYADM/SMARCD2/LEP/DUSP10/MAP3K8/EPHB3/SOCS1/SPINT2/VEGFA/TNFSF13B/UBASH3B/IL12A/RGCC/EGR3/TSPAN32/TNFSF9/ICOSLG/IL4I1	31
GO:0045667	regulation of osteoblast differentiation	14/686	101/12179	0.00152929869628741	0.022551067541106	0.0176293369912943	CEBPD/ZHX3/FBN2/TMEM119/TENT5A/RASSF2/SOX9/CRIM1/DNAI3/AXIN2/TNFAIP6/CCN1/FGFR2/SFRP2	14
GO:0071559	response to transforming growth factor beta	24/686	221/12179	0.00153351460689402	0.022551067541106	0.0176293369912943	WNT2/COL1A1/GDF15/MXRA5/TGFBR2/FBN2/CITED2/CFLAR/ACTA2/ING2/CDKN2B/POSTN/CILP/SOX9/SAP30/ITGA8/JUN/TGFB2/THBS1/RASL11B/PMEPA1/GDF5/FGFR2/MSTN	24
GO:0019722	calcium-mediated signaling	16/686	124/12179	0.00158208898812411	0.0231071092347107	0.0180640235700959	VCAM1/LMCD1/SGCD/ATP2A2/CLIC2/P2RX7/MCTP1/ACKR4/MYOZ2/GRIN2A/PLCG2/ACKR2/TMEM100/RCAN1/RCAN2/CCR1	16
GO:0090276	regulation of peptide hormone secretion	16/686	124/12179	0.00158208898812411	0.0231071092347107	0.0180640235700959	SOX4/INHBB/CCN3/FOXO1/IRS2/ABAT/PRKCE/LEP/GPR68/ADCY8/ADRA2A/PER2/RAPGEF4/EPHA5/ACVR1C/CHD7	16
GO:0050965	detection of temperature stimulus involved in sensory perception of pain	4/686	10/12179	0.00159438473949114	0.0231293515924829	0.0180814115726787	CXCL12/LXN/ADORA1/HTR2A	4
GO:0097501	stress response to metal ion	4/686	10/12179	0.00159438473949114	0.0231293515924829	0.0180814115726787	MT2A/MT1E/MT1X/MT1M	4
GO:0008406	gonad development	19/686	160/12179	0.00164927466320936	0.0237837848275766	0.0185930159133042	ADAMTS1/PTX3/INHBB/FST/CITED2/RHOBTB3/LEP/ING2/SOX9/HMGB2/VEGFA/TGFB2/TNFAIP6/DMC1/ANG/LFNG/SFRP2/KIF18A/CYP19A1	19
GO:0045637	regulation of myeloid cell differentiation	18/686	148/12179	0.0016505747272049	0.0237837848275766	0.0185930159133042	FSTL3/ZBTB16/FOXO3/LIF/PIK3R1/NEDD9/RASSF2/LRRC17/HMGB2/GPR68/IL34/UBASH3B/TNFAIP6/MAFB/TNFRSF11B/CAMK4/INPP5D/CCR1	18
GO:0048568	embryonic organ development	31/686	314/12179	0.00166353054441461	0.0238896798338905	0.0186757995220446	WNT2/PLXNA4/COL11A1/TBX18/TGFBR2/FBN2/CITED2/EPHB2/LIF/ALDH1A3/PKDCC/GDNF/MICAL2/SOX9/SLITRK6/SPINT2/ITGA8/VEGFA/TGFB2/FZD5/FGF10/VASH2/MAFB/CCN1/FRZB/COL27A1/PRDM1/CIMAP3/FGFR2/E2F7/CHD7	31
GO:0015718	monocarboxylic acid transport	14/686	102/12179	0.00168318990797356	0.0238896798338905	0.0186757995220446	ACSL1/IRS2/CRABP2/PLA2G4A/LEP/SLC16A12/SLC5A6/P2RX7/BDKRB2/THBS1/SLC51B/FABP4/PTGS2/RBP1	14
GO:0120254	olefinic compound metabolic process	14/686	102/12179	0.00168318990797356	0.0238896798338905	0.0186757995220446	PNPLA2/DHRS3/PLA2G4A/ALDH1A3/ALOX15B/HSD17B6/ADH1B/ADH1A/ADH1C/PLB1/CYP19A1/HSD11B2/PTGS2/ABCA4	14
GO:0034446	substrate adhesion-dependent cell spreading	13/686	91/12179	0.00168574126447807	0.0238896798338905	0.0186757995220446	PDPN/MYADM/PIK3R1/NEDD9/EPHB3/POSTN/CARMIL1/LIMS2/KANK1/ITGA8/RAC3/MERTK/PKP2	13
GO:0070665	positive regulation of leukocyte proliferation	13/686	91/12179	0.00168574126447807	0.0238896798338905	0.0186757995220446	VCAM1/IRS2/TGFBR2/IGFBP2/EPHB2/SLC39A10/LEP/TNFSF13B/IL34/FGF10/IL12A/TNFSF9/ICOSLG	13
GO:1901342	regulation of vasculature development	23/686	210/12179	0.00170257111290956	0.0240488169698475	0.0188002052599328	ADAMTS1/ADAM12/AMOT/TGFBR2/WARS1/LEP/RHOJ/PLK2/BMPER/GLUL/ADM2/DDAH1/RHOB/BRCA1/VEGFA/ANGPTL7/TGFB2/THBS1/VASH2/COL4A3/RGCC/SFRP2/HMOX1	23
GO:0010721	negative regulation of cell development	21/686	185/12179	0.00170864483054343	0.0240554783683721	0.0188054128200276	FSTL3/TSC22D1/DAAM2/EPHB2/PIK3R1/DUSP10/SEMA3A/CDKN2B/FGF13/ULK2/LRRC17/SOCS1/GPR68/VEGFA/SEMA6D/UBASH3B/TNFAIP6/MAFB/TNFRSF11B/FRZB/INPP5D	21
GO:0050770	regulation of axonogenesis	16/686	125/12179	0.00172219288247345	0.024062327894394	0.0188107674491267	CXCL12/PLXNA4/CRABP2/EPHB2/RND2/SEMA3A/EPHB3/ROBO1/FGF13/ULK2/VEGFA/SEMA6D/PAK3/CDH4/EPHA4/NGF	16
GO:0006939	smooth muscle contraction	11/686	70/12179	0.0017259424758904	0.024062327894394	0.0188107674491267	OXTR/ABAT/APBB2/ACTA2/GDNF/BDKRB2/ADRA2A/ARHGAP42/PTGS2/KCNB2/HTR2A	11
GO:0070167	regulation of biomineral tissue development	11/686	70/12179	0.0017259424758904	0.024062327894394	0.0188107674491267	GPM6B/FBN2/TMEM119/TENT5A/PKDCC/S1PR1/P2RX7/SOX9/CCN1/ENPP1/CCR1	11
GO:0031128	developmental induction	6/686	24/12179	0.00175472161030933	0.0241669953866548	0.018892591446582	WNT2/GDNF/ROBO1/SOX9/FZD5/FGF10	6
GO:0043583	ear development	17/686	137/12179	0.00176587153413093	0.0241669953866548	0.018892591446582	COL11A1/TBX18/CEBPD/EPHB2/ALDH1A3/BMPER/SOX9/SLITRK6/ITGA8/TGFB2/FGF10/MAFB/PLPPR4/FRZB/FGFR2/EPHA4/CHD7	17
GO:0048762	mesenchymal cell differentiation	22/686	198/12179	0.00176889899059895	0.0241669953866548	0.018892591446582	PDPN/WNT2/COL1A1/TGFBR2/CITED2/SLC39A10/SEMA3A/GDNF/SOX9/AXIN2/TGFB2/SEMA6D/FGF10/AGT/FRZB/NRG1/FGFR2/FAM83D/RGCC/SFRP2/EPHA4/TMEM100	22
GO:0030858	positive regulation of epithelial cell differentiation	8/686	41/12179	0.00177395319947036	0.0241669953866548	0.018892591446582	LIF/NCOA3/ALOX15B/CDKN2B/GDNF/SOX9/SFRP4/TMEM100	8
GO:0045778	positive regulation of ossification	8/686	41/12179	0.00177395319947036	0.0241669953866548	0.018892591446582	ZBTB16/GPM6B/FBN2/TMEM119/TENT5A/PKDCC/P2RX7/CCN1	8
GO:0048013	ephrin receptor signaling pathway	8/686	41/12179	0.00177395319947036	0.0241669953866548	0.018892591446582	EPHB2/EPHB6/EPHB3/ARHGEF28/PAK3/KALRN/EPHA4/EPHA5	8
GO:0072132	mesenchyme morphogenesis	8/686	41/12179	0.00177395319947036	0.0241669953866548	0.018892591446582	TGFBR2/ACTA2/ROBO1/SOX9/TGFB2/ADAMTS5/ACTG2/TMEM100	8
GO:0051924	regulation of calcium ion transport	18/686	149/12179	0.00178154242364498	0.0241669953866548	0.018892591446582	CACNB2/CXCL12/TRPC6/PRKCE/CLIC2/P2RX7/EPB41/BDKRB1/UBASH3B/STC1/CAMK2A/ADRA2A/MCHR1/TMC2/RAMP3/PTGS2/CCR1/CHD7	18
GO:0042692	muscle cell differentiation	30/686	302/12179	0.00178410282663474	0.0241669953866548	0.018892591446582	SORT1/ADAM12/LAMA2/TBX18/CCN3/GDF15/PDLIM5/LMOD1/MORF4L2/TMEM119/KLF5/SGCD/CFLAR/NID1/ATP2A2/SOX9/ITGA8/VEGFA/CDON/FGF10/ALPK3/NRG1/PI16/SYPL2/FGFR2/ADAMTS5/OLFM2/MYOZ2/RCAN1/NEBL	30
GO:0050796	regulation of insulin secretion	15/686	114/12179	0.00179848655029097	0.0242852240470107	0.0189850169112145	SOX4/INHBB/CCN3/FOXO1/IRS2/ABAT/PRKCE/LEP/GPR68/ADCY8/ADRA2A/PER2/RAPGEF4/EPHA5/ACVR1C	15
GO:0061448	connective tissue development	24/686	224/12179	0.00184090683739978	0.0247801064570366	0.0193718921117568	COL11A1/COL1A1/CCN3/ZBTB16/TGFBR2/CBS/CFLAR/ACTA2/LEP/PKDCC/PRKG2/CCN2/SOX9/AXIN2/GDF7/RSPO2/CCN1/FRZB/COL27A1/STC1/CHRDL2/GDF5/SFRP2/RXFP1	24
GO:0030879	mammary gland development	14/686	103/12179	0.00184974587931718	0.0248212775180874	0.0194040776616529	WNT2/IRS2/TGFBR2/OXTR/ROBO1/SOX9/VEGFA/FGF10/NRG1/LBH/FGFR2/RXFP1/CYP19A1/XDH	14
GO:1902107	positive regulation of leukocyte differentiation	16/686	126/12179	0.00187255250784045	0.0249712436915121	0.0195213139833383	SOX4/ZBTB16/TGFBR2/FOXO3/LIF/NEDD9/SMARCD2/DUSP10/SOCS1/GPR68/IL34/EGR3/INPP5D/TNFSF9/IL4I1/CCR1	16
GO:1903708	positive regulation of hemopoiesis	16/686	126/12179	0.00187255250784045	0.0249712436915121	0.0195213139833383	SOX4/ZBTB16/TGFBR2/FOXO3/LIF/NEDD9/SMARCD2/DUSP10/SOCS1/GPR68/IL34/EGR3/INPP5D/TNFSF9/IL4I1/CCR1	16
GO:0055080	monoatomic cation homeostasis	37/686	399/12179	0.00192514288715584	0.0255508810129354	0.0199744464859782	CACNB2/STEAP2/MT2A/CXCL12/MT1E/TRPC6/SCN7A/STEAP4/SGCD/CORIN/PRKCE/SLC39A10/FAM20A/ATP2A2/CLIC2/MT1X/TRPA1/P2RX7/MT1M/BDKRB1/AGT/UBASH3B/ADCY8/STC1/SYPL2/CCL8/TRPV6/PDK4/HMOX1/ADORA1/SLC24A3/CCL7/PLCG2/SCARA5/HTR2A/CCR1/CHD7	37
GO:0030098	lymphocyte differentiation	28/686	277/12179	0.00193753102899574	0.0255508810129354	0.0199744464859782	VCAM1/SOX4/ZBTB16/TGFBR2/FZD8/FOXO3/PIK3R1/PIK3R3/SMARCD2/LEP/DUSP10/KLF6/NFIL3/SOCS1/TNFSF13B/FZD5/MAFB/CAMK4/MERTK/PRDM1/BLNK/LFNG/EGR3/INPP5D/PLCG2/TNFSF9/IL4I1/CHD7	28
GO:0090596	sensory organ morphogenesis	21/686	187/12179	0.00195267302985876	0.0255508810129354	0.0199744464859782	WNT2/COL11A1/TBX18/FBN2/CITED2/EPHB2/NKD1/ALDH1A3/SOX9/SLITRK6/ITGA8/VEGFA/CDON/FZD5/FGF10/MAFB/FRZB/PRDM1/FGFR2/LCTL/CHD7	21
GO:2000243	positive regulation of reproductive process	9/686	51/12179	0.00195622149169271	0.0255508810129354	0.0199744464859782	INHBB/LHFPL2/PDE5A/CITED2/OXTR/SOX9/VEGFA/PLB1/LFNG	9
GO:0042391	regulation of membrane potential	27/686	264/12179	0.00195676258307414	0.0255508810129354	0.0199744464859782	CACNB2/KCNK6/TBX18/USP53/PIEZO2/ABCC9/GCLM/ABAT/ATP2A2/FGF13/P2RX7/NEDD4L/KCNK15/GRIK4/SCN1B/KCNE3/CACNA1G/GRIK1/KCND3/INSYN2A/KCNQ3/KCND2/ADORA1/GRIN2A/PKP2/ABCB5/ASIC2	27
GO:0001773	myeloid dendritic cell activation	5/686	17/12179	0.00196004763255634	0.0255508810129354	0.0199744464859782	TGFBR2/CAMK4/BATF3/TSPAN32/BATF2	5
GO:0071772	response to BMP	15/686	115/12179	0.00196362150309005	0.0255508810129354	0.0199744464859782	FSTL3/FST/BMPER/SOX9/CRIM1/SPINT2/GDF7/TNFAIP6/CCN1/FSTL5/CHRDL2/GDF5/SFRP4/SFRP2/TMEM100	15
GO:0071773	cellular response to BMP stimulus	15/686	115/12179	0.00196362150309005	0.0255508810129354	0.0199744464859782	FSTL3/FST/BMPER/SOX9/CRIM1/SPINT2/GDF7/TNFAIP6/CCN1/FSTL5/CHRDL2/GDF5/SFRP4/SFRP2/TMEM100	15
GO:0001892	embryonic placenta development	10/686	61/12179	0.00199576317037884	0.0258906557510778	0.0202400659893087	WNT2/CITED2/LIF/SPINT2/FZD5/VASH2/CCN1/PRDM1/FGFR2/E2F7	10
GO:0002040	sprouting angiogenesis	14/686	104/12179	0.0020297527272542	0.0261671057275357	0.0204561812480356	PIK3R3/RHOJ/PLK2/BMPER/GLUL/ROBO1/VEGFA/THBS1/NR4A1/IL12A/E2F7/EGR3/HMOX1/PTGS2	14
GO:0050954	sensory perception of mechanical stimulus	14/686	104/12179	0.0020297527272542	0.0261671057275357	0.0204561812480356	CXCL12/COL11A1/COL1A1/USP53/PIEZO2/TRPA1/SLITRK6/SPTBN4/COL4A3/KCNQ3/TMC2/ASIC2/HTR2A/CHD7	14
GO:0032946	positive regulation of mononuclear cell proliferation	12/686	82/12179	0.00203535475384186	0.0261671057275357	0.0204561812480356	VCAM1/IRS2/TGFBR2/IGFBP2/EPHB2/SLC39A10/LEP/TNFSF13B/FGF10/IL12A/TNFSF9/ICOSLG	12
GO:0045860	positive regulation of protein kinase activity	23/686	213/12179	0.00205037575847833	0.0262815328564357	0.0205456348587193	PRKAG2/TGFBR2/NEK10/NEDD9/LEP/ROBO1/RASSF2/AXIN2/VEGFA/TGFB2/THBS1/IL34/AGT/CCN1/ADCY8/MMD/NRG1/TNFSF15/GPRC5B/ADRA2A/ANG/RGCC/EPHA4	23
GO:0090263	positive regulation of canonical Wnt signaling pathway	13/686	93/12179	0.00205878928459917	0.0263108368692525	0.0205685433226402	SOX4/COL1A1/DAAM2/RSPO1/LGR4/KANK1/FGF10/RSPO2/EDA/GPRC5B/SFRP4/FGFR2/SFRP2	13
GO:0033674	positive regulation of kinase activity	26/686	252/12179	0.0020799212491361	0.0264915504790122	0.0207098165071384	PRKAG2/TGFBR2/NEK10/NEDD9/LEP/ROBO1/RASSF2/AXIN2/VEGFA/TGFB2/THBS1/IL34/AGT/CCN1/ADCY8/MMD/NRG1/TNFSF15/MERTK/GPRC5B/ADRA2A/CIMAP3/FGFR2/ANG/RGCC/EPHA4	26
GO:0015800	acidic amino acid transport	8/686	42/12179	0.00208526876150585	0.0264915504790122	0.0207098165071384	SLC6A6/SLC7A14/ABAT/SLC7A11/SLC38A2/P2RX7/PER2/ADORA1	8
GO:0050865	regulation of cell activation	38/686	415/12179	0.00210519242437164	0.0266657707087074	0.0208460134802706	PDPN/VCAM1/SOX4/ZBTB16/IRS2/PDE5A/TGFBR2/IGFBP2/NR4A3/TSLP/C1QTNF1/CTSC/EPHB2/FOXO3/NEDD9/PLA2G4A/ACTA2/SMARCD2/SLC39A10/LEP/DUSP10/MAP3K8/SOCS1/TNFSF13B/THBS1/FGF10/UBASH3B/CAMK4/IL12A/MERTK/PRDM1/EGR3/INPP5D/IL31RA/TSPAN32/TNFSF9/ICOSLG/IL4I1	38
GO:0007600	sensory perception	28/686	279/12179	0.00215320976494982	0.0271140256032097	0.0211964375379687	CACNB2/CXCL12/COL11A1/COL1A1/CCN3/USP53/PIEZO2/ABLIM1/DHRS3/TRPA1/P2RX7/SLITRK6/LXN/SPTBN4/COL4A3/ADRA2A/GUCY2D/KCNQ3/KCND2/TMC2/ADORA1/GRIN2A/ABCA4/TMEM100/LCTL/ASIC2/HTR2A/CHD7	28
GO:0050767	regulation of neurogenesis	28/686	279/12179	0.00215320976494982	0.0271140256032097	0.0211964375379687	CXCL12/WNT2/PLXNA4/DAAM2/CRABP2/EPHB2/LIF/RND2/DUSP10/SEMA3A/CDKN2B/ROBO1/FGF13/ULK2/HMGB2/TENM4/VEGFA/CDON/SEMA6D/IL34/HAPLN3/EGR2/CDH4/EPHA4/PER2/NGF/SLC7A5/CHD7	28
GO:0098742	cell-cell adhesion via plasma-membrane adhesion molecules	19/686	164/12179	0.00219844754707097	0.0273818344958206	0.0214057976140936	SPARCL1/NEXN/VCAM1/TGFBR2/FLRT3/CLDN11/MYADM/ROBO1/CDH6/TENM4/TGFB2/DSC3/CDH10/CADM1/CDH4/PCDHGC5/SCARF1/LRRC4/PCDH1	19
GO:0006536	glutamate metabolic process	6/686	25/12179	0.0022004153580818	0.0273818344958206	0.0214057976140936	GCLM/PRODH/GLS/ADHFE1/GLUL/SLC7A11	6
GO:0010092	specification of animal organ identity	6/686	25/12179	0.0022004153580818	0.0273818344958206	0.0214057976140936	WNT2/GDNF/ROBO1/AXIN2/FGF10/FGFR2	6
GO:0017145	stem cell division	6/686	25/12179	0.0022004153580818	0.0273818344958206	0.0214057976140936	ZBTB16/NCOA3/ING2/TGFB2/LBH/SFRP2	6
GO:0010634	positive regulation of epithelial cell migration	16/686	128/12179	0.00220636114009174	0.0273818344958206	0.0214057976140936	IRS2/TGFBR2/PRKCE/RHOJ/PLK2/RHOB/SOX9/ENPP2/VEGFA/TGFB2/THBS1/FGF10/AGT/HMOX1/PTGS2/PLCG2	16
GO:0006814	sodium ion transport	17/686	140/12179	0.00223295971307667	0.02751883213927	0.0215128957645017	PER1/SLC6A6/SLC6A9/SCN7A/FGF14/PRKCE/SLC5A6/FGF13/SLC38A2/P2RX7/NEDD4L/SCN1B/SPTBN4/KCNE3/SLC24A3/PKP2/ASIC2	17
GO:0034103	regulation of tissue remodeling	9/686	52/12179	0.00225000503106633	0.02751883213927	0.0215128957645017	TMEM119/LEP/S1PR1/P2RX7/UBASH3B/TNFRSF11B/PDK4/INPP5D/SIGLEC15	9
GO:0045600	positive regulation of fat cell differentiation	9/686	52/12179	0.00225000503106633	0.02751883213927	0.0215128957645017	ZBTB16/KLF5/AXIN2/FRZB/LMO3/SFRP2/PTGS2/FNDC5/HTR2A	9
GO:0060411	cardiac septum morphogenesis	9/686	52/12179	0.00225000503106633	0.02751883213927	0.0215128957645017	SOX4/TGFBR2/CITED2/DHRS3/ROBO1/TGFB2/CCN1/FGFR2/CHD7	9
GO:0001942	hair follicle development	10/686	62/12179	0.00226226076971642	0.02751883213927	0.0215128957645017	FST/LDB2/SOX9/LGR4/TGFB2/FGF10/EDA/FGFR2/HPSE/APCDD1	10
GO:0002690	positive regulation of leukocyte chemotaxis	10/686	62/12179	0.00226226076971642	0.02751883213927	0.0215128957645017	CXCL12/DAPK2/NEDD9/VEGFA/THBS1/IL34/IL12A/MSTN/CCL7/CCR1	10
GO:0060395	SMAD protein signal transduction	10/686	62/12179	0.00226226076971642	0.02751883213927	0.0215128957645017	CCN3/GDF15/TGFBR2/BMPER/CILP/JUN/GDF7/TGFB2/PMEPA1/GDF5	10
GO:0050890	cognition	23/686	215/12179	0.00231441085753458	0.0279945921753619	0.0218848220153529	FAM107A/EPHB2/OXTR/ADCY1/TUBA1A/NEDD9/PPP1R1B/PLK2/SLC7A11/FGF13/ITGA8/CHL1/ADCY8/CAMK4/EGR2/NRXN3/ADORA1/NGF/PTGS2/GRIN2A/RCAN1/HTR2A/CHD7	23
GO:0071560	cellular response to transforming growth factor beta stimulus	23/686	215/12179	0.00231441085753458	0.0279945921753619	0.0218848220153529	WNT2/COL1A1/GDF15/TGFBR2/FBN2/CITED2/CFLAR/ACTA2/ING2/CDKN2B/POSTN/CILP/SOX9/SAP30/ITGA8/JUN/TGFB2/THBS1/RASL11B/PMEPA1/GDF5/FGFR2/MSTN	23
GO:0010632	regulation of epithelial cell migration	21/686	190/12179	0.00237382373618382	0.0286325818066666	0.0223835715395925	IRS2/TGFBR2/PRKCE/DUSP10/RHOJ/PLK2/BMPER/GLUL/RHOB/SOX9/ENPP2/VEGFA/TGFB2/THBS1/FGF10/AGT/STC1/RGCC/HMOX1/PTGS2/PLCG2	21
GO:0032310	prostaglandin secretion	4/686	11/12179	0.00239448936843402	0.0287204953856304	0.0224522981356545	PLA2G4A/LEP/P2RX7/PTGS2	4
GO:0048485	sympathetic nervous system development	4/686	11/12179	0.00239448936843402	0.0287204953856304	0.0224522981356545	SOX4/PLXNA4/SEMA3A/GDNF	4
GO:0060986	endocrine hormone secretion	7/686	34/12179	0.00246985238403154	0.0295419112452129	0.0230944414387233	INHBB/RAB11FIP1/C1QTNF1/LEP/AGT/TRPV6/CYP19A1	7
GO:0051047	positive regulation of secretion	22/686	204/12179	0.00257909963298562	0.030381059439536	0.023750447025882	CXCL12/SOX4/INHBB/IRS2/C1QTNF1/OXTR/ABAT/PLA2G4A/PRKCE/LEP/CADPS2/GDNF/P2RX7/GPR68/TGFB2/ADCY8/ANG/RGCC/RAB27B/ADORA1/CYP19A1/RAPGEF4	22
GO:0035265	organ growth	16/686	130/12179	0.00258836151205741	0.030381059439536	0.023750447025882	WNT2/PDLIM5/TGFBR2/CITED2/LEP/S1PR1/SOX9/TENM4/TGFB2/FGF10/RSPO2/COL27A1/STC1/PI16/FGFR2/CYP19A1	16
GO:0002043	blood vessel endothelial cell proliferation involved in sprouting angiogenesis	5/686	18/12179	0.00258953603979277	0.030381059439536	0.023750447025882	BMPER/VEGFA/THBS1/IL12A/HMOX1	5
GO:0003338	metanephros morphogenesis	5/686	18/12179	0.00258953603979277	0.030381059439536	0.023750447025882	LIF/GDNF/SOX9/LGR4/FGF10	5
GO:0008045	motor neuron axon guidance	5/686	18/12179	0.00258953603979277	0.030381059439536	0.023750447025882	PLXNA4/SEMA3A/RAC3/EGR2/EPHA4	5
GO:0032332	positive regulation of chondrocyte differentiation	5/686	18/12179	0.00258953603979277	0.030381059439536	0.023750447025882	ZBTB16/PKDCC/PRKG2/SOX9/GDF5	5
GO:0046697	decidualization	5/686	18/12179	0.00258953603979277	0.030381059439536	0.023750447025882	CITED2/LIF/STC1/PTGS2/TPPP3	5
GO:0070588	calcium ion transmembrane transport	23/686	217/12179	0.0026067588527639	0.0304997888658533	0.0238432639651916	CACNB2/TRPC6/SCN7A/PRKCE/ATP2A2/CLIC2/TRPA1/P2RX7/BDKRB1/UBASH3B/PKD1L2/CACNA1G/ADRA2A/TRPV6/TMC2/SLC24A3/TMEM37/RAMP3/GRIN2A/PLCG2/CATSPER2/HTR2A/CHD7	23
GO:0050806	positive regulation of synaptic transmission	14/686	107/12179	0.00265877974867784	0.0310239136978876	0.0242529994809314	LAMA2/FAM107A/EPHB2/OXTR/ADCY1/PRKCE/PLK2/LRRTM2/ADCY8/EPHA4/ADORA1/PTGS2/LGI1/GRIN2A	14
GO:1901652	response to peptide	35/686	379/12179	0.00269931470354349	0.0313021415332642	0.0244705045840168	VCAM1/SORT1/KLF15/CXCL12/INHBB/COL1A1/GDF15/FOXO1/IRS2/NR4A3/ARHGEF2/EPHB2/OXTR/AGTRAP/CFLAR/PIK3R1/PIK3R3/LEP/KANK1/SOCS1/TRIB3/AGT/SORBS1/ADCY8/NR4A1/EGR2/CAMK2A/EPHA4/PDK4/RAMP3/HSD11B2/MSTN/PTGS2/ACVR1C/ENPP1	35
GO:0031644	regulation of nervous system process	11/686	74/12179	0.00271974780505395	0.0313021415332642	0.0244705045840168	CCN3/CTSC/ABAT/WASF3/TENM4/TYMP/EGR2/ADORA1/GRIN2A/TMEM100/BEGAIN	11
GO:0010043	response to zinc ion	6/686	26/12179	0.00272636258347481	0.0313021415332642	0.0244705045840168	MT2A/VCAM1/MT1E/MT1X/P2RX7/MT1M	6
GO:0050432	catecholamine secretion	6/686	26/12179	0.00272636258347481	0.0313021415332642	0.0244705045840168	CXCL12/OXTR/ABAT/GDNF/ADRA2A/HTR2A	6
GO:0086091	regulation of heart rate by cardiac conduction	6/686	26/12179	0.00272636258347481	0.0313021415332642	0.0244705045840168	CACNB2/SCN1B/KCNE3/CACNA1G/KCND3/PKP2	6
GO:1905332	positive regulation of morphogenesis of an epithelium	6/686	26/12179	0.00272636258347481	0.0313021415332642	0.0244705045840168	LIF/GDNF/SOX9/LGR4/VEGFA/AGT	6
GO:0048638	regulation of developmental growth	24/686	231/12179	0.00276881665257583	0.0317047965497617	0.0247852808563209	CXCL12/WNT2/PLXNA4/GDF15/CRABP2/CITED2/NKD1/RND2/LEP/DUSP10/SEMA3A/FGF13/ULK2/NEDD4L/VEGFA/SEMA6D/SPTBN4/GDF5/PI16/FGFR2/CDH4/NGF/MSTN/CHD7	24
GO:0010810	regulation of cell-substrate adhesion	20/686	180/12179	0.00280176080896189	0.0319967045576659	0.0250134804585092	PDPN/COL1A1/FAM107A/GPM6B/MYADM/PIK3R1/NEDD9/PRKCE/NID1/POSTN/CORO2B/CARMIL1/LIMS2/APOD/KANK1/VEGFA/THBS1/RAC3/CCN1/PKP2	20
GO:0061097	regulation of protein tyrosine kinase activity	8/686	44/12179	0.00283573441186047	0.0322987892958325	0.0252496357376045	ERRFI1/RAP2B/NEDD9/IL34/AGT/GPRC5B/ADRA2A/EPHA4	8
GO:0003300	cardiac muscle hypertrophy	10/686	64/12179	0.00288087886409455	0.0324684877753858	0.0253822978245546	KLF15/FOXO1/PDLIM5/LMCD1/PDE5A/NR4A3/LEP/ATP2A2/AGT/PI16	10
GO:0022404	molting cycle process	10/686	64/12179	0.00288087886409455	0.0324684877753858	0.0253822978245546	FST/LDB2/SOX9/LGR4/TGFB2/FGF10/EDA/FGFR2/HPSE/APCDD1	10
GO:0022405	hair cycle process	10/686	64/12179	0.00288087886409455	0.0324684877753858	0.0253822978245546	FST/LDB2/SOX9/LGR4/TGFB2/FGF10/EDA/FGFR2/HPSE/APCDD1	10
GO:0045638	negative regulation of myeloid cell differentiation	10/686	64/12179	0.00288087886409455	0.0324684877753858	0.0253822978245546	FSTL3/ZBTB16/PIK3R1/LRRC17/GPR68/UBASH3B/TNFAIP6/MAFB/TNFRSF11B/INPP5D	10
GO:2000377	regulation of reactive oxygen species metabolic process	14/686	108/12179	0.00290103684432834	0.0325377223491122	0.0254364220751891	FOXO1/TGFBR2/DCXR/CFLAR/LEP/BRCA1/GCH1/THBS1/AGT/IER3/H19/ACP5/PLCG2/XDH	14
GO:0060828	regulation of canonical Wnt signaling pathway	22/686	206/12179	0.00291081850354848	0.0325377223491122	0.0254364220751891	SOX4/COL1A1/TBX18/FOXO1/DAAM2/IGFBP2/JADE1/NKD1/RSPO1/SOX9/LGR4/KANK1/NKD2/AXIN2/FGF10/RSPO2/EDA/FRZB/GPRC5B/SFRP4/FGFR2/SFRP2	22
GO:0048732	gland development	30/686	312/12179	0.00292375118257725	0.0325377223491122	0.0254364220751891	INHBB/WNT2/IRS2/TGFBR2/CITED2/OXTR/CFLAR/ALDH1A3/ALOX15B/EPHB3/CDKN2B/ROBO1/LIMS2/SOX9/VEGFA/GDF7/TGFB2/FGF10/EDA/MAFB/FRZB/NRG1/LBH/CADM1/FGFR2/E2F7/RXFP1/CYP19A1/XDH/SLC7A5	30
GO:1902074	response to salt	24/686	232/12179	0.00292919855419586	0.0325377223491122	0.0254364220751891	INHBB/COL1A1/IMPA2/OXTR/ABCC9/ADCY1/GCLM/ABAT/AQP3/TUBA1A/PPP1R1B/PRKCE/LEP/P2RX7/RASGRP2/THBS1/ADCY8/TRPV6/KCNQ3/FABP4/PTGS2/PLCG2/ENPP1/HTR2A	24
GO:0030501	positive regulation of bone mineralization	7/686	35/12179	0.00294006433895099	0.0325377223491122	0.0254364220751891	GPM6B/FBN2/TMEM119/TENT5A/PKDCC/P2RX7/CCN1	7
GO:0050994	regulation of lipid catabolic process	7/686	35/12179	0.00294006433895099	0.0325377223491122	0.0254364220751891	IRS2/PNPLA2/PRKCE/ABHD5/CIDEC/ADRA2A/ADORA1	7
GO:0061383	trabecula morphogenesis	7/686	35/12179	0.00294006433895099	0.0325377223491122	0.0254364220751891	ADAMTS1/COL1A1/FBN2/S1PR1/TGFB2/NRG1/CHD7	7
GO:0050670	regulation of lymphocyte proliferation	16/686	132/12179	0.00302372324438097	0.0333775517001848	0.0260929601578431	VCAM1/IRS2/PDE5A/TGFBR2/IGFBP2/EPHB2/SLC39A10/LEP/TNFSF13B/FGF10/IL12A/INPP5D/TSPAN32/TNFSF9/ICOSLG/IL4I1	16
GO:0050708	regulation of protein secretion	20/686	182/12179	0.00318579469406055	0.0350764164520411	0.0274210506865293	SOX4/INHBB/RAB11FIP1/CCN3/FOXO1/IRS2/ABAT/PRKCE/LEP/P2RX7/GPR68/TGFB2/ADCY8/IL12A/ADRA2A/ANG/PER2/RAPGEF4/EPHA5/ACVR1C	20
GO:1903532	positive regulation of secretion by cell	21/686	195/12179	0.00324564952808041	0.0354355295079781	0.0277017879540466	CXCL12/SOX4/INHBB/IRS2/C1QTNF1/OXTR/ABAT/PLA2G4A/PRKCE/LEP/CADPS2/GDNF/P2RX7/GPR68/TGFB2/ADCY8/ANG/RGCC/RAB27B/CYP19A1/RAPGEF4	21
GO:0001822	kidney development	24/686	234/12179	0.00327361021833138	0.0354355295079781	0.0277017879540466	ADAMTS1/KLF15/SOX4/ZBTB16/COL4A4/CFLAR/LIF/ACTA2/NID1/BMPER/GDNF/SOX9/LGR4/ITGA8/GCNT4/VEGFA/TGFB2/FGF10/AGT/MTSS1/COL4A3/PRDM1/FGFR2/EPHA4	24
GO:0045765	regulation of angiogenesis	22/686	208/12179	0.0032777616166837	0.0354355295079781	0.0277017879540466	ADAMTS1/ADAM12/AMOT/TGFBR2/WARS1/LEP/RHOJ/PLK2/BMPER/GLUL/ADM2/DDAH1/RHOB/BRCA1/VEGFA/TGFB2/THBS1/VASH2/COL4A3/RGCC/SFRP2/HMOX1	22
GO:0009410	response to xenobiotic stimulus	27/686	274/12179	0.00330708911464011	0.0354355295079781	0.0277017879540466	NNMT/COL1A1/ACSL1/TGFBR2/IGFBP2/OXTR/ABCC9/ADCY1/GCLM/ABAT/CTPS1/TRPA1/P2RX7/NPAS2/THBS1/TNFRSF11B/AOX1/C1orf115/SFRP2/KCNQ3/HSD11B2/PTGS2/GRIN2A/ALDH3A1/MAOB/ASIC2/HTR2A	27
GO:0001893	maternal placenta development	6/686	27/12179	0.00334110009857115	0.0354355295079781	0.0277017879540466	CITED2/LIF/STC1/PRDM1/PTGS2/TPPP3	6
GO:0014888	striated muscle adaptation	6/686	27/12179	0.00334110009857115	0.0354355295079781	0.0277017879540466	KLF15/FOXO1/CFLAR/ATP2A2/MYOZ2/MSTN	6
GO:0061036	positive regulation of cartilage development	6/686	27/12179	0.00334110009857115	0.0354355295079781	0.0277017879540466	ZBTB16/PKDCC/PRKG2/SOX9/CCN1/GDF5	6
GO:0098868	bone growth	6/686	27/12179	0.00334110009857115	0.0354355295079781	0.0277017879540466	TGFBR2/LEP/SOX9/COL27A1/STC1/FGFR2	6
GO:0002028	regulation of sodium ion transport	9/686	55/12179	0.00334640255976581	0.0354355295079781	0.0277017879540466	PER1/FGF14/PRKCE/FGF13/P2RX7/NEDD4L/SCN1B/SPTBN4/PKP2	9
GO:1900024	regulation of substrate adhesion-dependent cell spreading	9/686	55/12179	0.00334640255976581	0.0354355295079781	0.0277017879540466	PDPN/MYADM/NEDD9/POSTN/CARMIL1/LIMS2/KANK1/RAC3/PKP2	9
GO:1903053	regulation of extracellular matrix organization	9/686	55/12179	0.00334640255976581	0.0354355295079781	0.0277017879540466	PDPN/LAMA2/CFLAR/NID1/SOX9/AXIN2/ANGPTL7/AGT/RGCC	9
GO:0003156	regulation of animal organ formation	5/686	19/12179	0.0033535561771836	0.0354355295079781	0.0277017879540466	WNT2/CITED2/GDNF/ROBO1/FGF10	5
GO:0060384	innervation	5/686	19/12179	0.0033535561771836	0.0354355295079781	0.0277017879540466	VCAM1/ADARB1/SEMA3A/SLITRK6/CHD7	5
GO:0008585	female gonad development	11/686	76/12179	0.00336641602073267	0.0354355295079781	0.0277017879540466	ADAMTS1/PTX3/INHBB/FST/LEP/VEGFA/TNFAIP6/DMC1/ANG/LFNG/CYP19A1	11
GO:0030510	regulation of BMP signaling pathway	11/686	76/12179	0.00336641602073267	0.0354355295079781	0.0277017879540466	FSTL3/FST/BMPER/CRIM1/TNFAIP6/CCN1/FSTL5/CHRDL2/GDF5/SFRP4/SFRP2	11
GO:1903707	negative regulation of hemopoiesis	11/686	76/12179	0.00336641602073267	0.0354355295079781	0.0277017879540466	FSTL3/TSC22D1/PIK3R1/LRRC17/SOCS1/GPR68/UBASH3B/TNFAIP6/MAFB/TNFRSF11B/INPP5D	11
GO:0048598	embryonic morphogenesis	39/686	441/12179	0.00341377667412789	0.0354355295079781	0.0277017879540466	DUSP1/WNT2/COL11A1/TBX18/ZBTB16/AMOT/TGFBR2/NR4A3/COL7A1/FBN2/CRABP2/CITED2/EPHB2/FLRT3/TXNRD1/MYADM/ALDH1A3/GDNF/DUSP5/MICAL2/SOX9/SLITRK6/SPINT2/ITGA8/TENM4/GDF7/TGFB2/MMP15/CDON/FZD5/FGF10/RSPO2/MAFB/CCN1/FRZB/GDF5/FGFR2/SFRP2/CHD7	39
GO:0003413	chondrocyte differentiation involved in endochondral bone morphogenesis	4/686	12/12179	0.00343297165237981	0.0354355295079781	0.0277017879540466	TGFBR2/SOX9/AXIN2/COL27A1	4
GO:0015812	gamma-aminobutyric acid transport	4/686	12/12179	0.00343297165237981	0.0354355295079781	0.0277017879540466	SLC6A6/SLC7A14/ABAT/P2RX7	4
GO:0035358	regulation of peroxisome proliferator activated receptor signaling pathway	4/686	12/12179	0.00343297165237981	0.0354355295079781	0.0277017879540466	CITED2/LEP/ALOX15B/LMO3	4
GO:0043011	myeloid dendritic cell differentiation	4/686	12/12179	0.00343297165237981	0.0354355295079781	0.0277017879540466	TGFBR2/CAMK4/BATF3/BATF2	4
GO:0043501	skeletal muscle adaptation	4/686	12/12179	0.00343297165237981	0.0354355295079781	0.0277017879540466	CFLAR/ATP2A2/MYOZ2/MSTN	4
GO:0050961	detection of temperature stimulus involved in sensory perception	4/686	12/12179	0.00343297165237981	0.0354355295079781	0.0277017879540466	CXCL12/LXN/ADORA1/HTR2A	4
GO:0061687	detoxification of inorganic compound	4/686	12/12179	0.00343297165237981	0.0354355295079781	0.0277017879540466	MT2A/MT1E/MT1X/MT1M	4
GO:0071294	cellular response to zinc ion	4/686	12/12179	0.00343297165237981	0.0354355295079781	0.0277017879540466	MT2A/MT1E/MT1X/MT1M	4
GO:1903587	regulation of blood vessel endothelial cell proliferation involved in sprouting angiogenesis	4/686	12/12179	0.00343297165237981	0.0354355295079781	0.0277017879540466	VEGFA/THBS1/IL12A/HMOX1	4
GO:0031668	cellular response to extracellular stimulus	24/686	235/12179	0.00345823448638627	0.0356106927686874	0.0278387221433442	VCAM1/INHBB/COL1A1/FAM107A/FOXO1/PRKAG2/CBS/ATF3/FOXO3/AQP3/LEP/MAP1LC3C/NUAK1/CDKN2B/GLUL/POSTN/SLC38A2/P2RX7/CYP24A1/SFRP2/UPP1/PDK4/MYH13/SLC7A5	24
GO:0086002	cardiac muscle cell action potential involved in contraction	7/686	36/12179	0.0034758314048791	0.0357062680683035	0.0279134383030961	CACNB2/NEDD4L/SCN1B/KCNE3/CACNA1G/KCND3/PKP2	7
GO:0006576	biogenic amine metabolic process	10/686	66/12179	0.00362759043646141	0.0370877936527745	0.0289934483756277	MAOA/ABAT/GPR37/SAT1/GCH1/TGFB2/SNCAIP/GRIN2A/MAOB/IL4I1	10
GO:0014897	striated muscle hypertrophy	10/686	66/12179	0.00362759043646141	0.0370877936527745	0.0289934483756277	KLF15/FOXO1/PDLIM5/LMCD1/PDE5A/NR4A3/LEP/ATP2A2/AGT/PI16	10
GO:0048565	digestive tract development	12/686	88/12179	0.00371207012785166	0.0378613518503445	0.0295981788666557	OXTR/KLF5/PKDCC/EPHB3/SOX9/LGR4/TGFB2/FZD5/FGF10/PRDM1/FGFR2/SFRP2	12
GO:0090288	negative regulation of cellular response to growth factor stimulus	11/686	77/12179	0.00373303354887046	0.0379849432674165	0.0296947966758491	FSTL3/CFLAR/BMPER/CRIM1/THBS1/AGT/TNFAIP6/CHRDL2/IL12A/SFRP2/XDH	11
GO:0060541	respiratory system development	19/686	172/12179	0.00376490531079208	0.0380708519879263	0.0297619559702637	PDPN/ERRFI1/WNT2/CRISPLD2/TGFBR2/LIF/ALDH1A3/PKDCC/SLC7A11/CCN2/SOX9/VEGFA/FGF10/RSPO2/EDA/FGFR2/RXFP1/HSD11B1/CHD7	19
GO:0038066	p38MAPK cascade	8/686	46/12179	0.00378160822742966	0.0380708519879263	0.0297619559702637	DUSP1/PER1/LEP/DUSP10/GADD45B/VEGFA/XDH/GADD45G	8
GO:0048645	animal organ formation	8/686	46/12179	0.00378160822742966	0.0380708519879263	0.0297619559702637	WNT2/TGFBR2/CITED2/GDNF/ROBO1/AXIN2/FGF10/FGFR2	8
GO:0032944	regulation of mononuclear cell proliferation	16/686	135/12179	0.00378891351159267	0.0380708519879263	0.0297619559702637	VCAM1/IRS2/PDE5A/TGFBR2/IGFBP2/EPHB2/SLC39A10/LEP/TNFSF13B/FGF10/IL12A/INPP5D/TSPAN32/TNFSF9/ICOSLG/IL4I1	16
GO:0051494	negative regulation of cytoskeleton organization	16/686	135/12179	0.00378891351159267	0.0380708519879263	0.0297619559702637	LMOD1/ARHGEF2/ARHGAP28/MYADM/PIK3R1/S1PR1/CORO2B/FGF13/CARMIL1/KANK1/BRCA1/DNAI3/SSH2/SPTBN4/CRACD/NAV3	16
GO:0006813	potassium ion transport	15/686	123/12179	0.00379467271793955	0.0380708519879263	0.0297619559702637	KCNK6/ABCC9/NEDD4L/KCNK15/KCNS1/KCNE3/ADRA2A/KCND3/KCNQ3/KCND2/ADORA1/SLC24A3/KCNA3/KCNB2/HTR2A	15
GO:0043434	response to peptide hormone	30/686	318/12179	0.00386927849115703	0.038728862100299	0.0302763565410373	SORT1/KLF15/CXCL12/INHBB/COL1A1/GDF15/FOXO1/IRS2/NR4A3/OXTR/AGTRAP/CFLAR/PIK3R1/PIK3R3/LEP/KANK1/SOCS1/TRIB3/AGT/SORBS1/ADCY8/NR4A1/EGR2/CAMK2A/PDK4/HSD11B2/MSTN/PTGS2/ACVR1C/ENPP1	30
GO:0006874	intracellular calcium ion homeostasis	21/686	198/12179	0.00388723902337562	0.038818149689244	0.0303461572718357	CACNB2/CXCL12/TRPC6/PRKCE/ATP2A2/CLIC2/TRPA1/P2RX7/BDKRB1/UBASH3B/ADCY8/STC1/SYPL2/CCL8/ADORA1/SLC24A3/CCL7/PLCG2/HTR2A/CCR1/CHD7	21
GO:0008154	actin polymerization or depolymerization	18/686	160/12179	0.00389855183305814	0.0388407925084725	0.0303638583358711	CXCL12/FAM107A/CDC42EP3/DAAM2/LMOD1/ARHGAP28/WASF3/MYADM/PRKCE/MICAL2/CARMIL1/KANK1/GAS7/SSH2/SPTBN4/CRACD/PAK3/ANG	18
GO:1901890	positive regulation of cell junction assembly	10/686	67/12179	0.00405445569535157	0.0403005387866658	0.0315050175742596	EPHB2/OXTR/FLRT3/EPHB3/LRRTM2/SLITRK6/VEGFA/AGT/LRRN1/ASIC2	10
GO:0030041	actin filament polymerization	16/686	136/12179	0.00407680449897352	0.0404290958858944	0.0316055173142738	FAM107A/CDC42EP3/DAAM2/LMOD1/ARHGAP28/WASF3/MYADM/PRKCE/CARMIL1/KANK1/GAS7/SSH2/SPTBN4/CRACD/PAK3/ANG	16
GO:0042886	amide transport	23/686	225/12179	0.00410816157630362	0.0406461884991883	0.0317752298492171	SOX4/INHBB/CCN3/FOXO1/IRS2/ABAT/AQP3/PRKCE/LEP/SLC5A6/SLC7A11/SLC38A2/P2RX7/GPR68/ADCY8/ADRA2A/PER2/ADORA1/RAPGEF4/EPHA5/ACVR1C/FOLR3/CHD7	23
GO:0031667	response to nutrient levels	33/686	361/12179	0.00412105898144023	0.0406800626811594	0.0318017110509689	VCAM1/INHBB/COL1A1/FAM107A/GDF15/FOXO1/ACSL1/PRKAG2/IGFBP2/CBS/ATF3/GCLM/FOXO3/AQP3/LEP/MAP1LC3C/NUAK1/CDKN2B/GLUL/POSTN/ULK2/SLC38A2/TNFRSF11B/STC1/CYP24A1/SFRP2/UPP1/PDK4/HSD11B2/PTGS2/MYH13/ACVR1C/SLC7A5	33
GO:0086019	cell-cell signaling involved in cardiac conduction	5/686	20/12179	0.00426711733938248	0.0416994262724664	0.0325986003439059	CACNB2/TBX18/SCN1B/CACNA1G/PKP2	5
GO:0090050	positive regulation of cell migration involved in sprouting angiogenesis	5/686	20/12179	0.00426711733938248	0.0416994262724664	0.0325986003439059	RHOJ/PLK2/VEGFA/HMOX1/PTGS2	5
GO:0099560	synaptic membrane adhesion	5/686	20/12179	0.00426711733938248	0.0416994262724664	0.0325986003439059	SPARCL1/FLRT3/CDH6/CDH10/LRRC4	5
GO:2000191	regulation of fatty acid transport	5/686	20/12179	0.00426711733938248	0.0416994262724664	0.0325986003439059	ACSL1/IRS2/PLA2G4A/P2RX7/THBS1	5
GO:0003170	heart valve development	9/686	57/12179	0.00428454864417255	0.0416994262724664	0.0325986003439059	SOX4/TGFBR2/ROBO1/SOX9/AXIN2/TGFB2/CCN1/PRDM1/ADAMTS5	9
GO:0010827	regulation of glucose transmembrane transport	9/686	57/12179	0.00428454864417255	0.0416994262724664	0.0325986003439059	KLF15/IRS2/PRKAG2/NR4A3/PIK3R1/LEP/TRIB3/SORBS1/ENPP1	9
GO:0001763	morphogenesis of a branching structure	17/686	149/12179	0.00429230237830231	0.0416994262724664	0.0325986003439059	WNT2/TGFBR2/COL4A1/GDNF/FGF13/SOX9/LGR4/SPINT2/VEGFA/GDF7/FZD5/FGF10/AGT/RSPO2/PRDM1/FGFR2/SFRP2	17
GO:0003179	heart valve morphogenesis	8/686	47/12179	0.00433761078095471	0.0419943955397799	0.0328291930910593	SOX4/TGFBR2/ROBO1/SOX9/AXIN2/TGFB2/CCN1/ADAMTS5	8
GO:0007160	cell-matrix adhesion	20/686	187/12179	0.00434222441072712	0.0419943955397799	0.0328291930910593	VCAM1/FAM107A/GPM6B/ITGA11/STON1/PIK3R1/ITGBL1/NID1/POSTN/ITGA10/CORO2B/CCN2/APOD/ITGA8/VEGFA/THBS1/SORBS1/EDA/HPSE/LYPD3	20
GO:0071456	cellular response to hypoxia	14/686	113/12179	0.00439919823251859	0.0424497914841232	0.0331851996771183	CBS/CITED2/AQP3/CFLAR/PRKCE/DDAH1/VEGFA/STC1/FGFR2/RGCC/EPHA4/HMOX1/KCND2/PTGS2	14
GO:0050807	regulation of synapse organization	19/686	175/12179	0.00455210937284597	0.0437236182958321	0.0341810160432939	PDLIM5/EPHB2/OXTR/FLRT3/TUBA1A/RPS6KA5/NEDD9/NEGR1/EPHB3/TUBB/SLC7A11/LRRTM2/RHOB/CTTNBP2/SLITRK6/PAK3/EPHA4/LRRN1/ASIC2	19
GO:0044344	cellular response to fibroblast growth factor stimulus	11/686	79/12179	0.0045617561705945	0.0437236182958321	0.0341810160432939	COL1A1/FLRT3/GCLM/POSTN/CCN2/THBS1/FGF10/NR4A1/FGFR2/EGR3/FGF22	11
GO:2001237	negative regulation of extrinsic apoptotic signaling pathway	11/686	79/12179	0.0045617561705945	0.0437236182958321	0.0341810160432939	ARHGEF2/GCLM/CFLAR/GDNF/FAIM2/HMGB2/BRCA1/THBS1/FGF10/SFRP2/HMOX1	11
GO:0070663	regulation of leukocyte proliferation	17/686	150/12179	0.00459537967588707	0.043947795831312	0.0343562672287044	VCAM1/IRS2/PDE5A/TGFBR2/IGFBP2/EPHB2/SLC39A10/LEP/TNFSF13B/IL34/FGF10/IL12A/INPP5D/TSPAN32/TNFSF9/ICOSLG/IL4I1	17
GO:0010460	positive regulation of heart rate	4/686	13/12179	0.00474000094265867	0.0445373392730336	0.0348171438584326	ATP2A2/ADRA1B/ADM2/GCH1	4
GO:0015732	prostaglandin transport	4/686	13/12179	0.00474000094265867	0.0445373392730336	0.0348171438584326	PLA2G4A/LEP/P2RX7/PTGS2	4
GO:0016048	detection of temperature stimulus	4/686	13/12179	0.00474000094265867	0.0445373392730336	0.0348171438584326	CXCL12/LXN/ADORA1/HTR2A	4
GO:0032793	positive regulation of CREB transcription factor activity	4/686	13/12179	0.00474000094265867	0.0445373392730336	0.0348171438584326	ADCY1/RPS6KA5/ADCY8/EPHA5	4
GO:0033630	positive regulation of cell adhesion mediated by integrin	4/686	13/12179	0.00474000094265867	0.0445373392730336	0.0348171438584326	LIF/TGFB2/RAC3/SFRP2	4
GO:0048486	parasympathetic nervous system development	4/686	13/12179	0.00474000094265867	0.0445373392730336	0.0348171438584326	ADARB1/PLXNA4/GDNF/EGR2	4
GO:0060713	labyrinthine layer morphogenesis	4/686	13/12179	0.00474000094265867	0.0445373392730336	0.0348171438584326	SPINT2/FZD5/CCN1/FGFR2	4
GO:0072537	fibroblast activation	4/686	13/12179	0.00474000094265867	0.0445373392730336	0.0348171438584326	GCLM/ACTA2/LEP/RGCC	4
GO:0032413	negative regulation of ion transmembrane transporter activity	7/686	38/12179	0.0047667378200044	0.0446907689936657	0.0349370878142818	SLC6A9/EPHB2/PRKCE/CLIC2/NEDD4L/KCNE3/ADRA2A	7
GO:0002063	chondrocyte development	6/686	29/12179	0.0048718764911752	0.0451832346719358	0.0353220737304938	COL11A1/TGFBR2/SOX9/AXIN2/COL27A1/SFRP2	6
GO:0002548	monocyte chemotaxis	6/686	29/12179	0.0048718764911752	0.0451832346719358	0.0353220737304938	DUSP1/CXCL12/CCN3/CCL8/CCL7/CCR1	6
GO:0003203	endocardial cushion morphogenesis	6/686	29/12179	0.0048718764911752	0.0451832346719358	0.0353220737304938	TGFBR2/ROBO1/SOX9/TGFB2/ADAMTS5/TMEM100	6
GO:0055010	ventricular cardiac muscle tissue morphogenesis	6/686	29/12179	0.0048718764911752	0.0451832346719358	0.0353220737304938	COL11A1/TGFB2/NRG1/FGFR2/PKP2/CHD7	6
GO:0060711	labyrinthine layer development	6/686	29/12179	0.0048718764911752	0.0451832346719358	0.0353220737304938	WNT2/SPINT2/FZD5/VASH2/CCN1/FGFR2	6
GO:0001649	osteoblast differentiation	20/686	189/12179	0.00489317348794527	0.045282946028528	0.0354000232601122	COL1A1/TMT1A/CEBPD/ITGA11/ZHX3/FBN2/TMEM119/TENT5A/RASSF2/SOX9/LGR4/CRIM1/DNAI3/AXIN2/RSPO2/TNFAIP6/CCN1/CYP24A1/FGFR2/SFRP2	20
GO:0051966	regulation of synaptic transmission, glutamatergic	8/686	48/12179	0.00495440377192808	0.0455550530977712	0.0356127434434321	OXTR/SLC38A2/PLPPR4/GRIK1/ADORA1/PTGS2/GRIN2A/HTR2A	8
GO:1990868	response to chemokine	8/686	48/12179	0.00495440377192808	0.0455550530977712	0.0356127434434321	DUSP1/CXCL12/ROBO1/CCL8/ACKR4/CCL7/ACKR2/CCR1	8
GO:1990869	cellular response to chemokine	8/686	48/12179	0.00495440377192808	0.0455550530977712	0.0356127434434321	DUSP1/CXCL12/ROBO1/CCL8/ACKR4/CCL7/ACKR2/CCR1	8
GO:0045859	regulation of protein kinase activity	35/686	394/12179	0.00502292373491073	0.0459246815121458	0.0359017011110321	DUSP1/ADARB1/ERRFI1/PRKAG2/TGFBR2/RAP2B/EPHB2/NEK10/NEDD9/WARS1/LEP/DUSP10/CDKN2B/ROBO1/PKIA/RASSF2/TRIB3/AXIN2/VEGFA/TGFB2/THBS1/IL34/AGT/UBASH3B/CCN1/ADCY8/MMD/NRG1/TNFSF15/GPRC5B/ADRA2A/ANG/RGCC/EPHA4/DIRAS3	35
GO:0032147	activation of protein kinase activity	10/686	69/12179	0.00502668847478075	0.0459246815121458	0.0359017011110321	TGFBR2/LEP/VEGFA/TGFB2/AGT/ADCY8/NRG1/TNFSF15/ADRA2A/ANG	10
GO:0120162	positive regulation of cold-induced thermogenesis	10/686	69/12179	0.00502668847478075	0.0459246815121458	0.0359017011110321	ACSL1/OXTR/SCD/LEP/VEGFA/G0S2/DIO2/PER2/FABP4/GADD45G	10
GO:0033002	muscle cell proliferation	18/686	164/12179	0.00506029396378969	0.0461335504894117	0.0360649848039453	ADAMTS1/WNT2/CCN3/NR4A3/CITED2/CFLAR/S1PR1/APOD/TENM4/JUN/TGFB2/THBS1/IL12A/FGFR2/ANG/HMOX1/MSTN/PTGS2	18
GO:0090101	negative regulation of transmembrane receptor protein serine/threonine kinase signaling pathway	14/686	115/12179	0.00515137181960637	0.046864386850402	0.0366363174235609	FSTL3/CCN3/FST/FBN2/ING2/BMPER/CILP/CRIM1/SAP30/RASL11B/TNFAIP6/PMEPA1/CHRDL2/SFRP2	14
GO:0002053	positive regulation of mesenchymal cell proliferation	5/686	21/12179	0.00534511049462949	0.0482182866889475	0.0376947310202862	WNT2/IRS2/TGFBR2/SOX9/FGFR2	5
GO:0006882	intracellular zinc ion homeostasis	5/686	21/12179	0.00534511049462949	0.0482182866889475	0.0376947310202862	MT2A/MT1E/SLC39A10/MT1X/MT1M	5
GO:0045823	positive regulation of heart contraction	5/686	21/12179	0.00534511049462949	0.0482182866889475	0.0376947310202862	ATP2A2/ADRA1B/ADM2/GCH1/TGFB2	5
GO:1903524	positive regulation of blood circulation	5/686	21/12179	0.00534511049462949	0.0482182866889475	0.0376947310202862	ATP2A2/ADRA1B/ADM2/GCH1/TGFB2	5
GO:0015833	peptide transport	18/686	165/12179	0.00539124121126612	0.0485324732938716	0.0379403469551532	SOX4/INHBB/CCN3/FOXO1/IRS2/ABAT/PRKCE/LEP/SLC7A11/GPR68/ADCY8/ADRA2A/PER2/ADORA1/RAPGEF4/EPHA5/ACVR1C/CHD7	18
GO:0006942	regulation of striated muscle contraction	9/686	59/12179	0.00541610513663529	0.0486543001186442	0.0380355852911912	PDE5A/ATP2A2/CLIC2/ADRA1B/FGF13/STC1/NR4A1/ADORA1/PKP2	9
GO:0051251	positive regulation of lymphocyte activation	22/686	217/12179	0.00544451093044436	0.0488073693848186	0.0381552474611297	VCAM1/SOX4/ZBTB16/IRS2/TGFBR2/IGFBP2/EPHB2/FOXO3/SMARCD2/SLC39A10/LEP/DUSP10/MAP3K8/SOCS1/TNFSF13B/FGF10/IL12A/EGR3/INPP5D/TNFSF9/ICOSLG/IL4I1	22
GO:0060840	artery development	11/686	81/12179	0.0055302270327217	0.0493987664589956	0.0386175731713129	SOX4/TGFBR2/CITED2/LEP/ROBO1/VEGFA/TGFB2/EGR2/PRDM1/APOB/CHD7	11
GO:0003197	endocardial cushion development	7/686	39/12179	0.00553349014130807	0.0493987664589956	0.0386175731713129	TGFBR2/CITED2/ROBO1/SOX9/TGFB2/ADAMTS5/TMEM100	7
